Marca,Modelo,Slogan,Tipo,Categoria,IVA Incluido,Version,Motor,Combustible,Transmision,Potencia,Torque,Traccion,Rendimiento,Autonomia,Puertas,Asientos,Airbags,Precio Lista,Bono Marca,Bono Financiamiento,Precio Final
Toyota,bZ4X,100% Eléctrico de Toyota,liviano,"SUV, Eléctrico",SÍ,BZ4X LIMITED 4X2,Motor eléctrico,Eléctrico,Automática,221 HP,269 Nm,4x2,,478 km,,,8,44990000,0,3000000,41990000
Toyota,bZ4X,100% Eléctrico de Toyota,liviano,"SUV, Eléctrico",SÍ,BZ4X LIMITED AWD,2 Motores eléctricos,Eléctrico,Automática,338 HP,338 Nm,AWD,,453 km,,,8,49990000,0,3000000,46990000
Toyota,Corolla Sedan Híbrido,"El modelo que buscabas, ahora más cerca que nunca",liviano,"Sedán, Híbrido",SÍ,Corolla XLI 1.8 eCVT Híbrido,1.8L Híbrido,Híbrido,CVT,122 HP,142 Nm,4x2,"Mixto 21,8 km/l",,,,7,24790000,900000,600000,23290000
Toyota,Corolla Sedan Híbrido,"El modelo que buscabas, ahora más cerca que nunca",liviano,"Sedán, Híbrido",SÍ,Corolla XEI 1.8 eCVT Híbrido,1.8L Híbrido,Híbrido,CVT,122 HP,142 Nm,4x2,"Mixto 21,8 km/l",,,,7,25990000,200000,500000,25290000
Toyota,Corolla Sedan Híbrido,"El modelo que buscabas, ahora más cerca que nunca",liviano,"Sedán, Híbrido",SÍ,Corolla XEI 1.8 eCVT Híbrido,1.8L Híbrido,Híbrido,CVT,122 HP,142 Nm,4x2,"Mixto 21,8 km/l",,,,7,25790000,200000,500000,25090000
Toyota,Corolla Sedan Híbrido,"El modelo que buscabas, ahora más cerca que nunca",liviano,"Sedán, Híbrido",SÍ,Corolla XEI 1.8 eCVT Híbrido,1.8L Híbrido,Híbrido,CVT,122 HP,142 Nm,4x2,"Mixto 21,8 km/l",,,,7,25790000,400000,500000,24890000
Toyota,Corolla Sedan Híbrido,"El modelo que buscabas, ahora más cerca que nunca",liviano,"Sedán, Híbrido",SÍ,Corolla SEG 1.8 eCVT Híbrido,1.8L Híbrido,Híbrido,CVT,122 HP,142 Nm,4x2,"Mixto 21,8 km/l",,,,7,28290000,500000,725000,27065000
Toyota,Corolla Sedan Híbrido,"El modelo que buscabas, ahora más cerca que nunca",liviano,"Sedán, Híbrido",SÍ,Corolla SEG 1.8 eCVT Híbrido,1.8L Híbrido,Híbrido,CVT,122 HP,142 Nm,4x2,"Mixto 21,8 km/l",,,,7,28490000,500000,725000,27265000
Toyota,Yaris Sedan Híbrido,"El modelo que buscabas, ahora más cerca que nunca",liviano,"Sedán, Híbrido",SÍ,New Yaris Sedan HEV 1.5 AT G,1.5L Híbrido,Híbrido,CVT,101 HP,,4x2,"Mixto 21,3 km/L",,,,6,21990000,0,600000,21390000
Toyota,Yaris Cross Híbrido,"El modelo que buscabas, ahora más cerca que nunca",liviano,"SUV, Híbrido",SÍ,Yaris Cross XI 1.5 Híbrido CVT,1.5L Híbrido,Híbrido,CVT,110 HP,141 Nm,4x2,,,,,6,24590000,2000000,800000,21790000
Toyota,Yaris Cross Híbrido,"El modelo que buscabas, ahora más cerca que nunca",liviano,"SUV, Híbrido",SÍ,Yaris Cross XG 1.5 Híbrido CVT,1.5L Híbrido,Híbrido,CVT,110 HP,141 Nm,4x2,,,,,6,25490000,0,600000,24890000
Toyota,Corolla Cross Híbrido,La tradición de innovar,liviano,"SUV, Híbrido",SÍ,Corolla Cross 1.8 XEI CVT HV,1.8L Híbrido,Híbrido,CVT,122 HP,,4x2,"Mixto 22,6 km/l",,,,7,27990000,2000000,500000,25490000
Toyota,Corolla Cross Híbrido,La tradición de innovar,liviano,"SUV, Híbrido",SÍ,Corolla Cross 1.8 SEG CVT HV,1.8L Híbrido,Híbrido,CVT,122 HP,,4x2,"Mixto 22,6 km/l",,,,7,29990000,0,0,29990000
Toyota,RAV4 Híbrido,RAV4 como nunca antes,liviano,"SUV, Híbrido",SÍ,Rav4 XLE HV 2.5 CVT,2.5L Híbrido,Híbrido,CVT,219 HP,,4x2,,,,,7,34690000,1700000,250000,32740000
Toyota,RAV4 Híbrido,RAV4 como nunca antes,liviano,"SUV, Híbrido",SÍ,Rav4 XSE 2.5 4X2 CVT HV,2.5L Híbrido,Híbrido,CVT,219 HP,,4x2,,,,,7,40390000,1500000,0,38890000
Toyota,RAV4 Híbrido,RAV4 como nunca antes,liviano,"SUV, Híbrido",SÍ,Rav4 LTD 2.5 4X4 CVT HV,2.5L Híbrido,Híbrido,CVT,219 HP,,4x4,"Mixto 21,4 km/l",,,,7,41890000,1000000,0,40890000
Toyota,RAV4 Híbrido,RAV4 como nunca antes,liviano,"SUV, Híbrido",SÍ,Rav4 LE HEV 2.5 CVT,2.5L Híbrido,Híbrido,CVT,219 HP,,4x2,,,,,7,33490000,0,1000000,32490000
Toyota,RAV4 Híbrido,RAV4 como nunca antes,liviano,"SUV, Híbrido",SÍ,All New Rav4 Híbrido XLE HEV 2.5 4X2 CTV,2.5L Híbrido,Híbrido,CVT,219 HP,,4x2,,,,,7,36990000,0,0,36990000
Toyota,RAV4 Híbrido,RAV4 como nunca antes,liviano,"SUV, Híbrido",SÍ,All New Rav4 Híbrido XSE HEV 2.5 4X4 CTV,2.5L Híbrido,Híbrido,CVT,219 HP,,4x4,,,,,7,42990000,0,0,42990000
Toyota,Raize,"Fácil de conducir, simple de disfrutar",liviano,SUV,SÍ,Raize i MT,1.2L,Gasolina,Mecánica,87 HP,113 NM,4x2,"Mixto 18,9 km/l",,,,2,13990000,1400000,600000,11990000
Toyota,Raize,"Fácil de conducir, simple de disfrutar",liviano,SUV,SÍ,Raize i MT,1.2L,Gasolina,Mecánica,87 HP,113 NM,4x2,"Mixto 18,9 km/l",,,,2,13990000,1400000,600000,11990000
Toyota,Raize,"Fácil de conducir, simple de disfrutar",liviano,SUV,SÍ,Raize E MT,1.2L,Gasolina,Mecánica,87 HP,113 NM,4x2,"Mixto 18,9 km/l",,,,2,15990000,600000,450000,14940000
Toyota,Raize,"Fácil de conducir, simple de disfrutar",liviano,SUV,SÍ,Raize E MT,1.2L,Gasolina,Mecánica,87 HP,113 NM,4x2,"Mixto 18,9 km/l",,,,2,15990000,600000,450000,14940000
Toyota,Raize,"Fácil de conducir, simple de disfrutar",liviano,SUV,SÍ,Raize E CVT,1.2L,Gasolina,CVT,87 HP,113 NM,4x2,"Mixto 17,4 km/l",,,,2,16990000,1200000,250000,15540000
Toyota,Raize,"Fácil de conducir, simple de disfrutar",liviano,SUV,SÍ,Raize E CVT,1.2L,Gasolina,CVT,87 HP,113 NM,4x2,"Mixto 17,4 km/l",,,,2,16990000,1200000,250000,15540000
Toyota,Raize,"Fácil de conducir, simple de disfrutar",liviano,SUV,SÍ,Raize G CVT,1.2L,Gasolina,CVT,87 HP,113 NM,4x2,"Mixto 17,4 km/l",,,,6,18490000,300000,500000,17690000
Toyota,RAV4,RAV4 como nunca antes,liviano,SUV,SÍ,All New Rav4 LE 2.0 4x2 CVT,2.0L,Gasolina,CVT,170 HP,203 NM,4x2,"Mixto 14,3 km/l",,,,7,27390000,900000,0,26490000
Toyota,RAV4,RAV4 como nunca antes,liviano,SUV,SÍ,All New Rav4 XLE 2.0 4x2 CVT,2.0L,Gasolina,CVT,170 HP,203 NM,4x2,"Mixto 14,3 km/l",,,,7,30390000,0,0,30390000
Toyota,RAV4,RAV4 como nunca antes,liviano,SUV,SÍ,All New Rav4 LE 2.0 4x2 CVT,2.0L,Gasolina,CVT,170 HP,203 NM,4x2,"Mixto 14,3 km/l",,,,7,28990000,0,1000000,27990000
Toyota,RAV4,RAV4 como nunca antes,liviano,SUV,SÍ,All New Rav4 LE 2.0 4x4 CVT,2.0L,Gasolina,CVT,170 HP,203 NM,4x4,"Mixto 13,8 km/l",,,,7,29990000,0,1000000,28990000
Toyota,RAV4,RAV4 como nunca antes,liviano,SUV,SÍ,All New Rav4 XLE 2.0 4x2 CVT,2.0L,Gasolina,CVT,170 HP,203 NM,4x2,"Mixto 14,3 km/l",,,,7,32490000,0,500000,31990000
Toyota,Fortuner,"El modelo que buscabas, ahora más cerca que nunca",liviano,SUV,SÍ,Fortuner SR5 4x4 AT TDI 2.8L Diesel,2.8L Turbo Diésel,Diésel,Automática,201 HP,420 Nm,4x4,"Mixto 12,0 km/l",,,,7,44390000,1000000,1000000,42390000
Toyota,Fortuner,"El modelo que buscabas, ahora más cerca que nunca",liviano,SUV,SÍ,Fortuner SRX 4x4 AT TDI 2.8L Diesel,2.8L Turbo Diésel,Diésel,Automática,201 HP,500 Nm,4x4,"Mixto 12,0 km/l",,,,7,50890000,1300000,1000000,48590000
Toyota,Fortuner,"El modelo que buscabas, ahora más cerca que nunca",liviano,SUV,SÍ,Fortuner SRX 4x4 AT TDI 2.8L Diesel,2.8L Turbo Diésel,Diésel,Automática,201 HP,500 Nm,4x4,"Mixto 12,0 km/l",,,,7,50890000,1300000,1000000,48590000
Toyota,Fortuner,"El modelo que buscabas, ahora más cerca que nunca",liviano,SUV,SÍ,Fortuner SRX 4x4 AT TDI 2.8L Diesel,2.8L Turbo Diésel,Diésel,Automática,201 HP,500 Nm,4x4,"Mixto 12,0 km/l",,,,7,51090000,1000000,1000000,49090000
Toyota,Fortuner,"El modelo que buscabas, ahora más cerca que nunca",liviano,SUV,SÍ,Fortuner SR5 4x4 MT TDI 2.8L Diesel,2.8L Turbo Diésel,Diésel,Mecánica,201 HP,420 Nm,4x4,"Mixto 12,0 km/l",,,,7,42890000,1800000,1300000,39790000
Toyota,4Runner,"El modelo que buscabas, ahora más cerca que nunca",liviano,SUV,SÍ,4Runner SR5 2.4 TA 4X4,2.4L Turbo,Gasolina,Automática,,,4x4,,,,,8,52990000,0,500000,52490000
Toyota,4Runner,"El modelo que buscabas, ahora más cerca que nunca",liviano,SUV,SÍ,4Runner SR5 2.4 TA 4X4,2.4L Turbo,Gasolina,Automática,,,4x4,,,,,8,52990000,1000000,500000,51490000
Toyota,4Runner,"El modelo que buscabas, ahora más cerca que nunca",liviano,SUV,SÍ,4Runner Limited 2.4 TA 4X4,2.4L Turbo,Gasolina,Automática,,,4x4,,,,,8,58990000,1000000,500000,57490000
Toyota,Land Cruiser Prado,"El modelo que buscabas, ahora más cerca que nunca",liviano,SUV,SÍ,VX-L 2.8,2.8L Turbo Diésel,Diésel,Automática,201 HP,500 Nm,4x4,,,,,8,74990000,3000000,500000,71490000
Toyota,Land Cruiser Prado,"El modelo que buscabas, ahora más cerca que nunca",liviano,SUV,SÍ,VX-L 2.8,2.8L Turbo Diésel,Diésel,Automática,201 HP,500 Nm,4x4,,,,,8,74990000,3000000,500000,71490000
Toyota,Land Cruiser Prado,"El modelo que buscabas, ahora más cerca que nunca",liviano,SUV,SÍ,WX ADVENTURE 2.8,2.8L Turbo Diésel,Diésel,Automática,201 HP,500 Nm,4x4,,,,,8,66990000,3500000,500000,62990000
Toyota,Yaris Sedan,"El modelo que buscabas, ahora más cerca que nunca",liviano,Sedán,SÍ,New Yaris Sedán i MT,1.5L,Gasolina,Mecánica,105 HP,138 NM,4x2,"Mixto 16,9 km/l",,,,6,14990000,600000,600000,13790000
Toyota,Yaris Sedan,"El modelo que buscabas, ahora más cerca que nunca",liviano,Sedán,SÍ,New Yaris Sedán E MT,1.5L,Gasolina,Mecánica,105 HP,138 NM,4x2,"Mixto 16,9 km/l",,,,6,16490000,400000,200000,15890000
Toyota,Yaris Sedan,"El modelo que buscabas, ahora más cerca que nunca",liviano,Sedán,SÍ,New Yaris Sedán E CVT,1.5L,Gasolina,CVT,105 HP,138 NM,4x2,"Mixto 16,2 km/l",,,,6,17490000,0,0,17490000
Toyota,Hilux,"El modelo que buscabas, ahora más cerca que nunca",liviano,Pick-Up,NO,Hilux 4x2 2.4 MT DX Euro VI,2.4L Diesel,Diésel,Mecánica,148 HP,400 Nm,4x2,"Mixto 12,3 km/L",,,,7,33990000,0,500000,33490000
Toyota,Hilux,"El modelo que buscabas, ahora más cerca que nunca",liviano,Pick-Up,NO,Hilux 4x2 2.4 MT DX Euro VI,2.4L Diesel,Diésel,Mecánica,148 HP,400 Nm,4x2,"Mixto 12,3 km/L",,,,7,33990000,0,500000,33490000
Toyota,Hilux,"El modelo que buscabas, ahora más cerca que nunca",liviano,Pick-Up,NO,Hilux 4x2 2.4 MT DX Euro VI,2.4L Diesel,Diésel,Mecánica,148 HP,400 Nm,4x2,"Mixto 12,3 km/L",,,,7,33990000,0,500000,33490000
Toyota,Hilux,"El modelo que buscabas, ahora más cerca que nunca",liviano,Pick-Up,NO,Hilux 4x2 2.4 MT DX Euro VI,2.4L Diesel,Diésel,Mecánica,148 HP,400 Nm,4x2,"Mixto 12,3 km/L",,,,7,33990000,0,500000,33490000
Toyota,Hilux,"El modelo que buscabas, ahora más cerca que nunca",liviano,Pick-Up,NO,Hilux 4x2 2.4 MT DX Euro VI TSS,2.4L Diesel,Diésel,Mecánica,148 HP,400 Nm,4x2,"Mixto 12,3 km/L",,,,7,35790000,0,0,35790000
Toyota,Hilux,"El modelo que buscabas, ahora más cerca que nunca",liviano,Pick-Up,NO,Hilux 4X2 2.4 MT SR Euro VI,2.4L Diesel,Diésel,Mecánica,148 HP,400 Nm,4x2,"Mixto 12,3 km/L",,,,7,34790000,1400000,300000,33090000
Toyota,Hilux,"El modelo que buscabas, ahora más cerca que nunca",liviano,Pick-Up,NO,Hilux 4x4 2.4 MT DX Euro VI,2.4L Diesel,Diésel,Mecánica,148 HP,400 Nm,4x4,"Mixto 12,3 km/L",,,,7,38690000,1000000,500000,37190000
Toyota,Hilux,"El modelo que buscabas, ahora más cerca que nunca",liviano,Pick-Up,NO,Hilux 4x4 2.4 MT DX Euro VI,2.4L Diesel,Diésel,Mecánica,148 HP,400 Nm,4x4,"Mixto 12,3 km/L",,,,7,38690000,1000000,500000,37190000
Toyota,Hilux,"El modelo que buscabas, ahora más cerca que nunca",liviano,Pick-Up,NO,Hilux 4x4 2.4 MT DX Euro VI TSS,2.4L Diesel,Diésel,Mecánica,148 HP,400 Nm,4x4,"Mixto 12,3 km/L",,,,7,40490000,0,0,40490000
Toyota,Hilux,"El modelo que buscabas, ahora más cerca que nunca",liviano,Pick-Up,NO,Hilux 4x4 2.4 MT DX Euro VI,2.4L Diesel,Diésel,Mecánica,148 HP,400 Nm,4x4,"Mixto 12,3 km/L",,,,7,38690000,1000000,500000,37190000
Toyota,Hilux,"El modelo que buscabas, ahora más cerca que nunca",liviano,Pick-Up,NO,Hilux 4x4 2.4 MT DX Euro VI TSS,2.4L Diesel,Diésel,Mecánica,148 HP,400 Nm,4x4,"Mixto 12,3 km/L",,,,7,40490000,0,0,40490000
Toyota,Hilux,"El modelo que buscabas, ahora más cerca que nunca",liviano,Pick-Up,NO,Hilux 4x4 2.4 MT SR Euro VI,2.4L Diesel,Diésel,Mecánica,148 HP,400 Nm,4x4,"Mixto 12,3 km/L",,,,7,41290000,1000000,300000,39990000
Toyota,Hilux,"El modelo que buscabas, ahora más cerca que nunca",liviano,Pick-Up,NO,Hilux 4x4 2.4 MT SR Euro VI,2.4L Diesel,Diésel,Mecánica,148 HP,400 Nm,4x4,"Mixto 12,3 km/L",,,,7,41290000,1000000,300000,39990000
Toyota,Hilux,"El modelo que buscabas, ahora más cerca que nunca",liviano,Pick-Up,NO,Hilux 4X4 2.8 MT SR Euro VI,2.8L Diesel,Diésel,Mecánica,201 HP,420 Nm,4x4,"Mixto 10,6 km/L",,,,7,45290000,0,500000,44790000
Toyota,Hilux,"El modelo que buscabas, ahora más cerca que nunca",liviano,Pick-Up,NO,Hilux 4X4 2.8 AT SRV Euro VI,2.8L Diesel,Diésel,Automática,201 HP,500 Nm,4x4,"Mixto 10,6 km/L",,,,7,48590000,1000000,800000,46790000
Toyota,Hilux,"El modelo que buscabas, ahora más cerca que nunca",liviano,Pick-Up,NO,Hilux 4X4 2.8 AT SRV Euro VI,2.8L Diesel,Diésel,Automática,201 HP,500 Nm,4x4,"Mixto 10,6 km/L",,,,7,48590000,0,800000,47790000
Toyota,Fortuner GR-S,La tradición de innovar,liviano,"SUV, Gazoo Racing",SÍ,Fortuner GR-S 4x4 2.8 AT,2.8L Turbo Diésel,Diésel,Automática,221 HP,550 Nm,4x4,"Mixto 11,8 km/L",,,,7,52890000,0,600000,52290000
Toyota,Fortuner GR-S,La tradición de innovar,liviano,"SUV, Gazoo Racing",SÍ,Fortuner GR-S 4x4 2.8 AT,2.8L Turbo Diésel,Diésel,Automática,221 HP,550 Nm,4x4,"Mixto 11,8 km/L",,,,7,53090000,0,600000,52490000
Toyota,Yaris GR,Nuevo GR Yaris,liviano,"Hatchback, Gazoo Racing",SÍ,GR Yaris 1.6 MT,1.6L Turbo,Gasolina,Mecánica,280 HP,390 Nm,AWD,,,,,8,54990000,0,0,54990000
Toyota,Yaris GR,Nuevo GR Yaris,liviano,"Hatchback, Gazoo Racing",SÍ,GR Yaris 1.6 AT,1.6L Turbo,Gasolina,Automática,280 HP,390 Nm,AWD,,,,,8,56990000,0,0,56990000
Toyota,Hilux GR-S,HILUX GR-S,liviano,"Pick-Up, Gazoo Racing",NO,Hilux GR-S 4x4 2.8 AT,2.8L Turbo Diésel,Diésel,Automática,221 HP,550 Nm,4x4,"Mixto 11,8 km/L",,,,7,53190000,0,400000,52790000
Toyota,Hilux GR-S,HILUX GR-S,liviano,"Pick-Up, Gazoo Racing",NO,Hilux GR-S 4x4 2.8 AT,2.8L Turbo Diésel,Diésel,Automática,221 HP,550 Nm,4x4,"Mixto 11,8 km/L",,,,7,52990000,0,400000,52590000
Audi,A3 Sportback,Emociones a flor de piel.,liviano,"Hatchback, Híbrido",SÍ,A3 Sportback PI 35 TFSI MHEV,1.5 TFSI,Híbrido,DCT / DSG,150 HP,250 Nm,4x2,6.0 l/100km,,,,,37990000,4090000,2450000,31450000
Audi,A3 Sportback,Emociones a flor de piel.,liviano,"Hatchback, Híbrido",SÍ,A3 Sportback PI 35 TFSI S line MHEV,1.5 TFSI,Híbrido,DCT / DSG,150 HP,250 Nm,4x2,6.0 l/100km,,,,,42490000,2590000,2450000,37450000
Audi,A3 Sportback,Emociones a flor de piel.,liviano,"Hatchback, Híbrido",SÍ,A3 Sportback PI 35 TFSI S line MHEV Special Edition,1.5 TFSI,Híbrido,DCT / DSG,150 HP,250 Nm,4x2,6.0 l/100km,,,,,44490000,1990000,2450000,40050000
Audi,A3 Sedán,Ilumina las calles.,liviano,"Sedán, Híbrido",SÍ,A3 Sedan PI 35 TFSI S line MHEV,1.5 TFSI,Híbrido,DCT / DSG,150 HP,250 Nm,4x2,6.0 l/100km,,,,,41990000,2290000,650000,39050000
Audi,A6 Sportback e-tron,100% Audi A6. 100% eléctrico. This is Audi.,liviano,"Sedán, Eléctrico",SÍ,A6 Sportback e-tron S line,Motor Eléctrico,Eléctrico,Automática,285 HP,565 Nm,4x2,16.0 kWh/100km,750 km,,,,89900000,0,1150000,88750000
Audi,A6 Sportback e-tron,100% Audi A6. 100% eléctrico. This is Audi.,liviano,"Sedán, Eléctrico",SÍ,A6 Sportback e-tron performance S line,Motor Eléctrico,Eléctrico,Automática,367 HP,610 Nm,4x2,16.0 kWh/100km,716 km,,,,104900000,0,1150000,103750000
Audi,Nuevo A5,"Tu Audi A5, en cada detalle.",liviano,Sedán,SÍ,New A5 TFSI,2.0 TFSI,Gasolina,DCT / DSG,204 HP,370 Nm,4x2,7.5 l/100km,,,,,53900000,1000000,2450000,50450000
Audi,Nuevo A5,"Tu Audi A5, en cada detalle.",liviano,Sedán,SÍ,New A5 TFSI quattro S line,2.0 TFSI,Gasolina,DCT / DSG,204 HP,370 Nm,AWD,7.5 l/100km,,,,,59900000,1000000,2450000,56450000
Audi,Nuevo S5,Hechos que inspiran.,liviano,Sedán,SÍ,New S5 TFSI quattro,3.0 TFSI,Gasolina,DCT / DSG,367 HP,500 Nm,AWD,9.5 l/100km,,,,,78900000,1000000,2450000,75450000
Audi,Q3,Talento integral.,liviano,SUV,SÍ,Q3 35 TFSI,1.4 TFSI,Gasolina,DCT / DSG,150 HP,250 Nm,4x2,8.1 l/100km,,,,,42990000,3390000,2150000,37450000
Audi,Q3,Talento integral.,liviano,SUV,SÍ,Q3 35 TFSI (MY26),1.5 TFSI,Gasolina,DCT / DSG,150 HP,250 Nm,4x2,8.1 l/100km,,,,,43490000,2390000,2150000,38950000
Audi,Nuevo Q3,Talento integral.,liviano,SUV,SÍ,New Q3 TFSI,1.5 TFSI,Gasolina,DCT / DSG,150 HP,250 Nm,4x2,8.1 l/100km,,,,,44990000,1000000,1950000,42040000
Audi,Q3 Sportback,Extrovertido Coupé.,liviano,SUV,SÍ,Q3 Sportback 35 TFSI (MY26),1.5 TFSI,Gasolina,DCT / DSG,150 HP,250 Nm,4x2,7.1 l/100km,,,,,45490000,3690000,2850000,38950000
Audi,Q3 Sportback,Extrovertido Coupé.,liviano,SUV,SÍ,Q3 Sportback 35 TFSI S line,1.5 TFSI,Gasolina,DCT / DSG,150 HP,250 Nm,4x2,7.1 l/100km,,,,,50990000,3190000,2850000,44950000
Audi,Nuevo Q3 Sportback,Extrovertido Coupé.,liviano,SUV,SÍ,New Q3 Sportback TFSI,1.5 TFSI,Gasolina,DCT / DSG,150 HP,250 Nm,4x2,7.1 l/100km,,,,,47490000,1000000,1950000,44540000
Audi,Q4 Sportback e-tron,Una nueva perspectiva.,liviano,"SUV, Eléctrico",SÍ,Q4 Sportback e-tron,Motor Eléctrico,Eléctrico,Automática,285 HP,545 Nm,4x2,18.0 kWh/100km,579 km,,,,66990000,2890000,1150000,62950000
Audi,Q4 Sportback e-tron,Una nueva perspectiva.,liviano,"SUV, Eléctrico",SÍ,Q4 Sportback e-tron S line,Motor Eléctrico,Eléctrico,Automática,285 HP,545 Nm,4x2,18.0 kWh/100km,579 km,,,,71990000,3890000,1150000,66950000
Audi,Nuevo Q5,Fuera de la vista. Aún en la mente.,liviano,SUV,SÍ,Q5 45 TFSI S line,2.0 TFSI,Gasolina,DCT / DSG,249 HP,370 Nm,AWD,8.5 l/100km,,,,,74390000,14290000,1150000,58950000
Audi,Nuevo Q5,Fuera de la vista. Aún en la mente.,liviano,SUV,SÍ,New Q5 TFSI quattro,2.0 TFSI,Gasolina,DCT / DSG,204 HP,370 Nm,AWD,8.5 l/100km,,,,,56700000,2000000,1450000,53250000
Audi,Nuevo Q5,Fuera de la vista. Aún en la mente.,liviano,SUV,SÍ,New Q5 TFSI quattro S line,2.0 TFSI,Gasolina,DCT / DSG,204 HP,370 Nm,AWD,8.5 l/100km,,,,,63700000,2000000,1450000,60250000
Audi,Nuevo SQ5,Un cumplido a la carretera.,liviano,SUV,SÍ,New SQ5 TFSI quattro,3.0 TFSI,Gasolina,DCT / DSG,367 HP,550 Nm,AWD,10.0 l/100km,,,,,83700000,2000000,1450000,80250000
Audi,Nuevo Q5 Sportback,Impresionante en cada momento.,liviano,SUV,SÍ,New Q5 Sportback TFSI quattro,2.0 TFSI,Gasolina,DCT / DSG,204 HP,370 Nm,AWD,8.2 l/100km,,,,,59200000,2000000,1450000,55750000
Audi,Nuevo Q5 Sportback,Impresionante en cada momento.,liviano,SUV,SÍ,New Q5 Sportback TFSI quattro S line,2.0 TFSI,Gasolina,DCT / DSG,204 HP,370 Nm,AWD,8.2 l/100km,,,,,66200000,2000000,1450000,62750000
Audi,Q6 e-tron,Eléctrico y con increíbles detalles.,liviano,"SUV, Eléctrico",SÍ,Q6 e-tron 45,Motor Eléctrico,Eléctrico,Automática,252 HP,485 Nm,4x2,18.0 kWh/100km,625 km,,,,75990000,1090000,1150000,73750000
Audi,Q6 e-tron,Eléctrico y con increíbles detalles.,liviano,"SUV, Eléctrico",SÍ,Q6 e-tron 50 S line,Motor Eléctrico,Eléctrico,Automática,306 HP,535 Nm,4x2,18.0 kWh/100km,625 km,,,,85990000,1090000,1150000,83750000
Audi,Q6 e-tron,Eléctrico y con increíbles detalles.,liviano,"SUV, Eléctrico",SÍ,Q6 e-tron 55 quattro S line,Motores Eléctricos,Eléctrico,Automática,388 HP,650 Nm,AWD,19.0 kWh/100km,640 km,,,,92990000,1090000,1150000,90750000
Audi,Q6 Sportback e-tron,Transforma la energía en entusiasmo. This is Audi.,liviano,"SUV, Eléctrico",SÍ,Q6 Sportback e-tron 50 S line,Motor Eléctrico,Eléctrico,Automática,306 HP,535 Nm,4x2,17.5 kWh/100km,656 km,,,,88490000,1090000,1150000,86250000
Audi,Q6 Sportback e-tron,Transforma la energía en entusiasmo. This is Audi.,liviano,"SUV, Eléctrico",SÍ,Q6 Sportback e-tron 55 S line quattro,Motores Eléctricos,Eléctrico,Automática,388 HP,650 Nm,AWD,18.5 kWh/100km,657 km,,,,95490000,1090000,1150000,93250000
Audi,Q7,Todo terreno con carácter.,liviano,SUV,SÍ,Q7 PI 55 TFSI (7P),3.0 TFSI,Gasolina,Automática,340 HP,500 Nm,AWD,9.8 l/100km,,,7,,85600000,6700000,2950000,75950000
Audi,Q7,Todo terreno con carácter.,liviano,SUV,SÍ,Q7 PI 55 TFSI S line (7P),3.0 TFSI,Gasolina,Automática,340 HP,500 Nm,AWD,9.8 l/100km,,,7,,104600000,7700000,2950000,93950000
Audi,SQ7,Rendimiento con personalidad.,liviano,SUV,SÍ,SQ7 (7P),4.0 TFSI,Gasolina,Automática,507 HP,770 Nm,AWD,11.8 l/100km,,,7,,134600000,7200000,2950000,124450000
Audi,Q7,Todo terreno con carácter.,liviano,SUV,SÍ,Q7 PI 55 TFSI (7P) - MY26,3.0 TFSI,Gasolina,Automática,340 HP,500 Nm,AWD,9.8 l/100km,,,7,,90600000,6700000,2950000,80950000
Audi,Q7,Todo terreno con carácter.,liviano,SUV,SÍ,Q7 PI 55 TFSI S line (7P) - MY26,3.0 TFSI,Gasolina,Automática,340 HP,500 Nm,AWD,9.8 l/100km,,,7,,109600000,7700000,2950000,98950000
Audi,Q8,Un carácter fuerte de forma elegante.,liviano,SUV,SÍ,Q8 55 TFSI,3.0 TFSI,Gasolina,Automática,340 HP,500 Nm,AWD,10.5 l/100km,,,,,92600000,7200000,2950000,82450000
Audi,Q8,Un carácter fuerte de forma elegante.,liviano,SUV,SÍ,Q8 55 TFSI S line,3.0 TFSI,Gasolina,Automática,340 HP,500 Nm,AWD,10.5 l/100km,,,,,105600000,9200000,2950000,93450000
Audi,SQ8,Potente rendimiento.,liviano,SUV,SÍ,SQ8,4.0 TFSI,Gasolina,Automática,507 HP,770 Nm,AWD,12.2 l/100km,,,,,137600000,7200000,2950000,127450000
Audi,RS Q8 performance,El rendimiento se une a la elegancia.,liviano,SUV,SÍ,RSQ8 Performance,4.0 TFSI,Gasolina,Automática,640 HP,850 Nm,AWD,13.5 l/100km,,,,,199400000,0,1150000,198250000
Audi,Q8,Un carácter fuerte de forma elegante.,liviano,SUV,SÍ,Q8 55 TFSI - MY26,3.0 TFSI,Gasolina,Automática,340 HP,500 Nm,AWD,10.5 l/100km,,,,,97600000,7200000,2950000,87450000
Audi,Q8,Un carácter fuerte de forma elegante.,liviano,SUV,SÍ,Q8 55 TFSI S line - MY26,3.0 TFSI,Gasolina,Automática,340 HP,500 Nm,AWD,10.5 l/100km,,,,,110600000,9200000,2950000,98450000
Cupra,Formentor,Nacido para Desafiar.,liviano,SUV,SÍ,Formentor 2.0 TSI 204hp 4Drive,2.0 TSI,Gasolina,DCT / DSG,204 HP,320 Nm,AWD,10.4 km/l,,,,,36990000,1300000,2200000,33490000
Cupra,Formentor,Nacido para Desafiar.,liviano,SUV,SÍ,Formentor VZ 2.0 TSI AT 4Drive,2.0 TSI,Gasolina,DCT / DSG,333 HP,420 Nm,AWD,9.5 km/l,,,,,44990000,800000,1700000,42490000
Cupra,Formentor,Nacido para Desafiar.,liviano,SUV,SÍ,Formentor VZ 2.0 TSI AT 4Drive | Pintura Mate + Llantas Cobre,2.0 TSI,Gasolina,DCT / DSG,333 HP,420 Nm,AWD,9.5 km/l,,,,,47990000,800000,1700000,45490000
Cupra,Formentor,Nacido para Desafiar.,liviano,SUV,SÍ,Formentor VZ Black Rebel 2.0 TSI AT 4Drive,2.0 TSI,Gasolina,DCT / DSG,333 HP,420 Nm,AWD,9.5 km/l,,,,,47990000,800000,1700000,45490000
Cupra,Formentor e-Hybrid,Forget about refuelling,liviano,"SUV, Plug-in Hybrid",SÍ,Formentor 1.5 TSI e-Hybrid,1.5 TSI e-Hybrid,Plug-in Hybrid,DCT / DSG,204 HP,350 Nm,4x2,17.8 km/l,126 km,,,10,40990000,1500000,4000000,35490000
Cupra,León,Despierta tus sentidos,liviano,"Hatchback, Híbrido",SÍ,Cupra Leon 1.5 TSI mHEV AT | Colores Cat A,1.5 TSI mHEV,Híbrido,DCT / DSG,150 HP,250 Nm,4x2,14.5 km/l,,,,,31490000,1000000,2500000,27990000
Cupra,León,Despierta tus sentidos,liviano,"Hatchback, Híbrido",SÍ,Cupra Leon 1.5 TSI mHEV AT | Colores Cat B,1.5 TSI mHEV,Híbrido,DCT / DSG,150 HP,250 Nm,4x2,14.5 km/l,,,,,31490000,300000,2500000,28690000
Cupra,León,Despierta tus sentidos,liviano,Hatchback,SÍ,Cupra Leon VZ 2.0 TSI AT,2.0 TSI,Gasolina,DCT / DSG,300 HP,400 Nm,4x2,12.5 km/l,,,,,40490000,700000,1900000,37890000
Cupra,León,Despierta tus sentidos,liviano,Hatchback,SÍ,Cupra Leon VZ 2.0 TSI AT | Pintura Mate + Llantas Cobre,2.0 TSI,Gasolina,DCT / DSG,300 HP,400 Nm,4x2,12.5 km/l,,,,,43490000,700000,1900000,40890000
Cupra,Terramar,ser segundo no es opción,liviano,"SUV, Híbrido",SÍ,Terramar 1.5 TSI mHEV AT,1.5 TSI mHEV,Híbrido,DCT / DSG,150 HP,250 Nm,4x2,14.2 km/l,1078 km,,,6,39990000,800000,1800000,37390000
Cupra,Terramar,ser segundo no es opción,liviano,"SUV, Híbrido",SÍ,Terramar High 1.5 TSI mHEV AT,1.5 TSI mHEV,Híbrido,DCT / DSG,150 HP,250 Nm,4x2,14.2 km/l,1078 km,,,6,43990000,800000,1300000,41890000
Cupra,Terramar,ser segundo no es opción,liviano,"SUV, Híbrido",SÍ,Terramar High 1.5 TSI mHEV AT | Pintura Mate,1.5 TSI mHEV,Híbrido,DCT / DSG,150 HP,250 Nm,4x2,14.2 km/l,1078 km,,,6,45490000,800000,1300000,43390000
Cupra,Tavascan,La tribu se enciende,liviano,"SUV, Eléctrico",SÍ,Tavascan Adrenaline 82 kWh,Motor Eléctrico,Eléctrico,Automática,286 HP,545 Nm,4x2,16.8 kWh/100km,569 km,,,7,50990000,1000000,2000000,47990000
Cupra,Tavascan,La tribu se enciende,liviano,"SUV, Eléctrico",SÍ,Tavascan Extreme 82 kWh,Motor Eléctrico,Eléctrico,Automática,286 HP,545 Nm,4x2,17.2 kWh/100km,569 km,,,7,53990000,1000000,2000000,50990000
Cupra,Tavascan,La tribu se enciende,liviano,"SUV, Eléctrico",SÍ,Tavascan Extreme 82 kWh | Pintura Mate,Motor Eléctrico,Eléctrico,Automática,286 HP,545 Nm,4x2,17.2 kWh/100km,569 km,,,7,55490000,1000000,2000000,52490000
Honda,Civic,El legado continúa,liviano,Sedán,SÍ,TOURING CVT 1.5T,1.5T,Gasolina,CVT,176 HP,,4x2,,,,,,31390000,0,1400000,29990000
Honda,New WR-V,Aventuras sin límites,liviano,SUV,SÍ,EX 1.5 Aut.,1.5 i-VTEC,Gasolina,CVT,121 HP,,4x2,,,,,,23990000,1000000,1000000,21990000
Honda,New WR-V,Aventuras sin límites,liviano,SUV,SÍ,TOURING 1.5 Aut.,1.5 i-VTEC,Gasolina,CVT,121 HP,,4x2,,,,,,24990000,1000000,1000000,22990000
Honda,New HR-V,Sofisticación en cada detalle,liviano,SUV,SÍ,TOURING 1.5 Aut. 4X2,1.5L i-VTEC,Gasolina,CVT,119 HP,,4x2,,,,,,26990000,0,1000000,25990000
Honda,CR-V,Liderazgo en movimiento,liviano,SUV,SÍ,Touring 1.5 Turbo Aut. 4X4,1.5 Turbo VTEC,Gasolina,Automática,188 HP,,4x4,,,,,,42990000,1000000,2000000,39990000
Honda,CR-V e:HEV,Poder electrificado,liviano,"SUV, Híbrido",SÍ,ADVANCE HYBRID Aut. 4X4,2.0L e:HEV,Híbrido,CVT,204 HP,,AWD,,,,,,49990000,1000000,2000000,46990000
Honda,ZR-V,Sofisticación deportiva,liviano,SUV,SÍ,EXL 2.0 Aut. 4X2,2.0L,Gasolina,CVT,155 HP,,4x2,,,,,,31990000,1000000,1500000,29490000
Honda,ZR-V,Sofisticación deportiva,liviano,SUV,SÍ,TOURING 2.0 Aut. 4X2,2.0L,Gasolina,CVT,155 HP,,4x2,,,,,,33490000,1500000,1500000,30490000
Honda,Pilot,Espacio para grandes momentos,liviano,SUV,SÍ,PILOT TOURING 3.5 (10) Aut. 4X4,V6 3.5L,Gasolina,Automática,285 HP,,4x4,,,,,,59990000,2000000,1000000,56990000
Honda,Pilot,Espacio para grandes momentos,liviano,SUV,SÍ,PILOT ELITE 3.5 (10) Aut. 4X4,V6 3.5L,Gasolina,Automática,285 HP,,4x4,,,,,,61990000,2000000,1000000,58990000
BMW Motorrad,C 400 X,Make Life a Ride,moto,Urban Mobility,SÍ,C 400 X,350 cm3,Gasolina,CVT,34 HP,,4X2,8.8 l/100km,-,-,-,-,11990000,500000,0,11490000
BMW Motorrad,C 400 GT,Make Life a Ride,moto,Urban Mobility,SÍ,C 400 GT,350 cm3,Gasolina,CVT,34 HP,,4x2,8.6 l/100km,-,-,-,-,14090000,600000,0,13490000
BMW Motorrad,CE 02,Make Life a Ride,moto,"Urban Mobility, Eléctrico",SÍ,CE 02,Eléctrico Síncrono,Eléctrico,Mecánica,15 HP,,4x2,,90 km,-,-,-,12490000,2000000,0,10490000
BMW Motorrad,CE 04,Make Life a Ride,moto,"Urban Mobility, Eléctrico",SÍ,CE 04,Eléctrico Síncrono,Eléctrico,Mecánica,42 HP,,4x2,,130 km,-,-,-,16290000,300000,0,15990000
BMW Motorrad,G 310 R,Make Life a Ride,moto,Roadster,SÍ,G 310 R,313 cc,Gasolina,Mecánica,34 HP,28 Nm,4x2,3.3 l/100km,-,-,-,-,5790000,0,0,5790000
BMW Motorrad,G 310 GS,Make Life a Ride,moto,Adventure,SÍ,G 310 GS,313 cc,Gasolina,Mecánica,34 HP,28 Nm,4x2,,-,-,-,-,6790000,0,0,6790000
BMW Motorrad,F 800 GS,Make Life a Ride,moto,Adventure,SÍ,F 800 GS,895 cm3,Gasolina,Mecánica,87 HP,91 Nm,4x2,,-,-,-,-,14990000,1500000,0,13490000
BMW Motorrad,F 900 R,Make Life a Ride,moto,Roadster,SÍ,F 900 R,895 cm3,Gasolina,Mecánica,105 HP,92 Nm,4x2,,-,-,-,-,14890000,1500000,0,13390000
BMW Motorrad,F 900 XR,Make Life a Ride,moto,Sport,SÍ,F 900 XR,895 cm3,Gasolina,Mecánica,105 HP,92 Nm,4x2,,-,-,-,-,17690000,1500000,0,16190000
BMW Motorrad,F 900 GS,Make Life a Ride,moto,Adventure,SÍ,F 900 GS,895 cm3,Gasolina,Mecánica,105 HP,93 Nm,4x2,,-,-,-,-,17990000,1500000,0,16490000
BMW Motorrad,F 900 GS Adventure,Make Life a Ride,moto,Adventure,SÍ,F 900 GS Adventure,895 cm3,Gasolina,Mecánica,105 HP,93 Nm,4x2,,-,-,-,-,21790000,1500000,0,20290000
BMW Motorrad,R 12,Make Life a Ride,moto,Heritage,SÍ,R 12,1.170 cm3,Gasolina,Mecánica,95 HP,110 Nm,4x2,,-,-,-,-,18790000,1000000,0,17790000
BMW Motorrad,R 12 nineT,Make Life a Ride,moto,Heritage,SÍ,R 12 nineT,1.170 cm3,Gasolina,Mecánica,109 HP,115 Nm,4x2,,-,-,-,-,21790000,1000000,0,20790000
BMW Motorrad,R 12 G/S,Make Life a Ride,moto,Heritage,SÍ,R 12 G/S,1.170 cm3,Gasolina,Mecánica,109 HP,115 Nm,4x2,,-,-,-,-,21890000,1000000,0,20890000
BMW Motorrad,R 1300 GS,Make Life a Ride,moto,Adventure,SÍ,R 1300 GS,1.300 cc,Gasolina,Mecánica,145 HP,149 Nm,4x2,,-,-,-,-,28990000,1000000,0,27990000
BMW Motorrad,R 1300 GS Adventure,Make Life a Ride,moto,Adventure,SÍ,R 1300 GS Adventure,1.300 cc,Gasolina,Mecánica,145 HP,149 Nm,4x2,,-,-,-,-,31990000,0,0,31990000
BMW Motorrad,R 1300 RT,Make Life a Ride,moto,Tour,SÍ,R 1300 RT,1.300 cc,Gasolina,Automática,145 HP,149 Nm,4x2,,-,-,-,-,33990000,1000000,0,32990000
BMW Motorrad,S 1000 R,Make Life a Ride,moto,Roadster,SÍ,S 1000 R,999 cm3,Gasolina,Mecánica,170 HP,114 Nm,4x2,,-,-,-,-,23990000,1000000,0,22990000
BMW Motorrad,S 1000 XR,Make Life a Ride,moto,Sport,SÍ,S 1000 XR,999 cm3,Gasolina,Mecánica,170 HP,114 Nm,4x2,,-,-,-,-,27390000,1100000,0,26290000
BMW Motorrad,S 1000 RR,Make Life a Ride,moto,Sport,SÍ,S 1000 RR,999 cm3,Gasolina,Mecánica,210 HP,113 Nm,4x2,,-,-,-,-,29690000,0,0,29690000
BMW Motorrad,M 1000 R,Make Life a Ride,moto,M,SÍ,M 1000 R,999 cm3,Gasolina,Mecánica,210 HP,113 Nm,4x2,,-,-,-,-,29190000,1200000,0,27990000
BMW Motorrad,M 1000 XR,Make Life a Ride,moto,M,SÍ,M 1000 XR,999 cm3,Gasolina,Mecánica,201 HP,113 Nm,4x2,,-,-,-,-,40590000,2000000,0,38590000
BMW Motorrad,M 1000 RR,Make Life a Ride,moto,M,SÍ,M 1000 RR,999 cm3,Gasolina,Mecánica,218 HP,113 Nm,4x2,,-,-,-,-,48290000,0,0,48290000
BMW Motorrad,K 1600 GT,Make Life a Ride,moto,Tour,SÍ,K 1600 GT,1.649 cc,Gasolina,Mecánica,160 HP,180 Nm,4x2,,-,-,-,-,34890000,1400000,0,33490000
BMW Motorrad,K 1600 GTL,Make Life a Ride,moto,Tour,SÍ,K 1600 GTL,1.649 cc,Gasolina,Mecánica,160 HP,180 Nm,4x2,,-,-,-,-,35790000,1400000,0,34390000
MINI,Cooper 3 Puertas,Lado urbano,liviano,Cooper,SÍ,COOPER C 1.5 HB 3P CLASSIC,1.5L Twin Power Turbo,Gasolina,DCT / DSG,156 HP,230 Nm,4x2,"17,5 km/l",,,,,34990000,0,6000000,28990000
MINI,Cooper 3 Puertas,Lado urbano,liviano,Cooper,SÍ,COOPER C 1.5 HB 3P FAVOURED,1.5L Twin Power Turbo,Gasolina,DCT / DSG,156 HP,230 Nm,4x2,"17,0 km/l",,,,,36990000,0,3000000,33990000
MINI,Cooper 3 Puertas,Lado urbano,liviano,Copper,SÍ,COOPER S 2.0 HB 3P FAVOURED,2.0L Twin Power Turbo,Gasolina,DCT / DSG,204 HP,300 Nm,4x2,"15,0 km/l",,,,,39990000,0,4000000,35990000
MINI,JCW 3 Puertas,Lado deportivo,liviano,John Cooper Works,SÍ,COOPER JCW SPITFIRE 2.0 HB 3P,2.0L Twin Power Turbo,Gasolina,DCT / DSG,231 HP,380 Nm,4x2,"14,7 km/l",,,,,44990000,0,6000000,38990000
MINI,JCW 3 Puertas,Lado deportivo,liviano,John Cooper Works,SÍ,COOPER JCW 2.0 HB 3P,2.0L Twin Power Turbo,Gasolina,DCT / DSG,231 HP,380 Nm,4x2,"14,7 km/l",,,,,48990000,0,2000000,46990000
MINI,JCW 3 Puertas,Lado deportivo,liviano,John Cooper Works,SÍ,COOPER JCW 2.0 HB 3P GP INSPIRED,2.0L Twin Power Turbo,Gasolina,DCT / DSG,231 HP,380 Nm,4x2,"14,7 km/l",,,,,49990000,0,2000000,47990000
MINI,Cooper 5 Puertas,Lado urbano,liviano,Copper,SÍ,COOPER C 1.5 HB 5P CLASSIC,1.5L Twin Power Turbo,Gasolina,DCT / DSG,156 HP,230 Nm,4x2,"15,8 km/l",,,,,35990000,0,2000000,33990000
MINI,Cooper 5 Puertas,Lado urbano,liviano,Copper,SÍ,COOPER S 2.0 HB 5P FAVOURED,2.0L Twin Power Turbo,Gasolina,DCT / DSG,204 HP,300 Nm,4x2,"15,3 km/l",,,,,40990000,0,5000000,35990000
MINI,Cooper Eléctrico,Lado innovador,liviano,"Copper, Eléctrico",SÍ,COOPER E CLASSIC,Motor Eléctrico Síncrono,Eléctrico,Automática,184 HP,290 Nm,4x2,"5,5 km/kWh",300 km,,,,35990000,0,6000000,29990000
MINI,Cooper Eléctrico,Lado innovador,liviano,"Copper, Eléctrico",SÍ,COOPER SE FAVOURED,Motor Eléctrico Síncrono,Eléctrico,Automática,218 HP,330 Nm,4x2,"6,3 km/kWh",400 km,,,,40990000,0,3000000,37990000
MINI,JCW Eléctrico,Lado deportivo,liviano,"John Cooper Works, Eléctrico",SÍ,COOPER JCW E HEA,Motor Eléctrico Síncrono,Eléctrico,Automática,258 HP,350 Nm,4x2,"6,3 km/kWh",,,,,46990000,0,3500000,43490000
MINI,JCW Eléctrico,Lado deportivo,liviano,"John Cooper Works, Eléctrico",SÍ,COOPER JCW E,Motor Eléctrico Síncrono,Eléctrico,Automática,258 HP,350 Nm,4x2,"6,3 km/kWh",,,,,47990000,0,2000000,45990000
MINI,Cooper Cabrio,Lado sin límites,liviano,Convertible,SÍ,COOPER S 2.0 CABRIO FAVOURED,2.0L Twin Power Turbo,Gasolina,DCT / DSG,204 HP,300 Nm,4x2,"15,4 km/l",,,,,45990000,0,2000000,43990000
MINI,JCW Cabrio,Lado deportivo,liviano,"Convertible, John Cooper Works",SÍ,COOPER JCW SPITFIRE CABRIO 2.0,2.0L Twin Power Turbo,Gasolina,DCT / DSG,231 HP,380 Nm,4x2,"14,7 km/l",,,,,47990000,0,1500000,46490000
MINI,JCW Cabrio,Lado deportivo,liviano,"Convertible, John Cooper Works",SÍ,COOPER JCW CABRIO 2.0,2.0L Twin Power Turbo,Gasolina,DCT / DSG,231 HP,380 Nm,4x2,"14,7 km/l",,,,,50990000,0,1500000,49490000
MINI,Aceman,Lado vanguardista,liviano,"Aceman, Eléctrico",SÍ,ACEMAN E CLASSIC,Motor Eléctrico Síncrono,Eléctrico,Automática,,290 Nm,4x2,"14,1 kWh/100km",300 km,,,,36990000,0,7000000,29990000
MINI,Aceman,Lado vanguardista,liviano,"Aceman, Eléctrico",SÍ,ACEMAN SE FAVOURED,Motor Eléctrico Síncrono,Eléctrico,Automática,,330 Nm,4x2,"14,0 kWh/100km",400 km,,,,41990000,0,5000000,36990000
MINI,JCW Aceman,Lado deportivo,liviano,John Cooper Works,SÍ,ACEMAN JCW E,Motor Eléctrico Síncrono,Eléctrico,Automática,258 HP,350 Nm,4x2,"16,4 kWh/100km",355 km,,,,48990000,0,2000000,46990000
MINI,Countryman,Lado aventurero,liviano,Countryman,SÍ,COUNTRYMAN C 1.5 CLASSIC,1.5L Twin Power Turbo,Gasolina,DCT / DSG,156 HP,280 Nm,4x2,"16,4 km/l",,,,,37990000,0,3000000,34990000
MINI,Countryman,Lado aventurero,liviano,Countryman,SÍ,COUNTRYMAN C 1.5 FAVOURED,1.5L Twin Power Turbo,Gasolina,DCT / DSG,156 HP,230 Nm,4x2,"15,4 km/l",,,,,41990000,0,0,41990000
MINI,Countryman,Lado aventurero,liviano,Countryman,SÍ,COUNTRYMAN S ALL4 2.0 FAVOURED,2.0L Twin Power Turbo,Gasolina,DCT / DSG,204 HP,300 Nm,AWD,"13,5 km/l",,,,,48990000,0,1000000,47990000
MINI,Countryman,Lado aventurero,liviano,Countryman,SÍ,COUNTRYMAN D 2.0 FAVOURED,2.0L Twin Power Turbo,Diésel,DCT / DSG,150 HP,360 Nm,4x2,"15,4 km/l",,,,,43990000,0,5000000,38990000
MINI,JCW Countryman ALL4,Lado deportivo,liviano,John Cooper Works,SÍ,COUNTRYMAN JCW ALL4 2.0,2.0L Twin Power Turbo,Gasolina,DCT / DSG,300 HP,400 Nm,AWD,"12,8 km/l",,,,,54990000,0,1500000,53490000
MINI,Countryman Eléctrico,Lado innovador,liviano,"Countryman, Eléctrico",SÍ,COUNTRYMAN E CLASSIC,Motor Eléctrico Síncrono,Eléctrico,Automática,204 HP,250 Nm,4x2,,462 km,,,,48990000,0,0,48990000
Maxus,D60,"Tecnología que cuida, inspira y conecta",liviano,SUV,SÍ,D60 4X2 ELITE 7DCT,1.5 T,Gasolina,DCT / DSG,180 HP,285 Nm,4x2,,,,7,4,20990000,4000000,2000000,14990000
Maxus,D60,"Tecnología que cuida, inspira y conecta",liviano,SUV,SÍ,D60 4X2 LUXURY 7DCT,1.5 T,Gasolina,DCT / DSG,180 HP,285 Nm,4x2,,,,7,6,22990000,3000000,2000000,17990000
Maxus,D90,"Tecnología que cuida, inspira y conecta",liviano,"SUV, Híbrido",SÍ,D90 4X4 ELITE 8AT,2.0 Bi-Turbo,Híbrido,Automática,215 HP,500 Nm,4x4,,,,7,6,36490000,9000000,1000000,26490000
Maxus,D90,"Tecnología que cuida, inspira y conecta",liviano,"SUV, Híbrido",SÍ,D90 4X4 LUXURY 8AT,2.0 Bi-Turbo,Híbrido,Automática,215 HP,500 Nm,4x4,,,,7,6,39490000,8500000,1000000,29990000
Maxus,D90,"Tecnología que cuida, inspira y conecta",liviano,"SUV, Híbrido",SÍ,D90 4X4 FLAGSHIP 8AT,2.0 Bi-Turbo,Híbrido,Automática,215 HP,500 Nm,4x4,,,,7,6,41490000,5000000,1000000,35490000
Maxus,EUNIQ 5,La nueva EUNIQ 5 es una SUV única y 100% eléctrica.,liviano,"SUV, Eléctrico",SÍ,Euniq 5,Motor Eléctrico,Eléctrico,Automática,174 HP,310 Nm,4x2,3.9 km/kWh,437 km,,7,4,27251000,0,0,27251000
Maxus,T60 DX,Perfecta para todos tus trabajos,liviano,Pick-Up,NO,T60 4X2 DX MT E6 GASOLINA,2.4L,Gasolina,Mecánica,158 HP,225 Nm,4x2,,,,,2,14990000,2000000,1000000,11990000
Maxus,T60 DX,Perfecta para todos tus trabajos,liviano,Pick-Up,NO,T60 SC 4X2 DX PLUS 6MT E6,2.0L Turbo Diésel,Diésel,Mecánica,163 HP,400 Nm,4x2,,,2,2,2,19690000,2700000,1000000,15990000
Maxus,T60 DX,Perfecta para todos tus trabajos,liviano,Pick-Up,NO,T60 4X2 DX MT E6,2.0L Turbo Diésel,Diésel,Mecánica,163 HP,400 Nm,4x2,,,4,5,2,19990000,5000000,1000000,13990000
Maxus,T60 DX,Perfecta para todos tus trabajos,liviano,Pick-Up,NO,T60 4X2 DX PLUS 6MT E6,2.0L Turbo Diésel,Diésel,Mecánica,163 HP,400 Nm,4x2,,,4,5,2,19990000,3000000,1000000,15990000
Maxus,T60 GL-GLX,Perfecta para todos tus trabajos,liviano,Pick-Up,NO,T60 4X2 GL MT E6,2.0L Turbo Diésel,Diésel,Mecánica,163 HP,400 Nm,4x2,,,4,5,2,20990000,3000000,1000000,16990000
Maxus,T60 GL-GLX,Perfecta para todos tus trabajos,liviano,Pick-Up,NO,T60 4X2 GL 6MT E6 4AB,2.0L Turbo Diésel,Diésel,Mecánica,163 HP,400 Nm,4x2,,,4,5,4,20990000,3000000,1000000,16990000
Maxus,T60 GL-GLX,Perfecta para todos tus trabajos,liviano,Pick-Up,NO,T60 4X2 GL AT E6,2.0L Turbo Diésel,Diésel,Automática,163 HP,400 Nm,4x2,,,4,5,2,21590000,2600000,1000000,17990000
Maxus,T60 GL-GLX,Perfecta para todos tus trabajos,liviano,Pick-Up,NO,T60 4X2 GL 8AT E6 4AB,2.0L Turbo Diésel,Diésel,Automática,163 HP,400 Nm,4x2,,,4,5,4,21590000,1600000,1000000,18990000
Maxus,T60 DX,Perfecta para todos tus trabajos,liviano,Pick-Up,NO,T60 SC 4X4 DX PLUS 6MT E6,2.0L Turbo Diésel,Diésel,Mecánica,163 HP,400 Nm,4x4,,,2,2,2,20590000,1600000,1000000,17990000
Maxus,T60 DX,Perfecta para todos tus trabajos,liviano,Pick-Up,NO,T60 4X4 DX MT E6,2.0L Turbo Diésel,Diésel,Mecánica,163 HP,400 Nm,4x4,,,4,5,2,21490000,3200000,1000000,17290000
Maxus,T60 DX,Perfecta para todos tus trabajos,liviano,Pick-Up,NO,T60 4X4 DX PLUS 6MT E6,2.0L Turbo Diésel,Diésel,Mecánica,163 HP,400 Nm,4x4,,,4,5,2,21490000,2600000,1000000,17890000
Maxus,T60 DX,Perfecta para todos tus trabajos,liviano,Pick-Up,NO,T60 4X4 ANCAP MT E6,2.0L Turbo Diésel,Diésel,Mecánica,163 HP,400 Nm,4x4,,,4,5,6,24190000,3200000,1000000,19990000
Maxus,T60 GL-GLX,Perfecta para todos tus trabajos,liviano,Pick-Up,NO,T60 4X4 GL MT E6,2.0L Turbo Diésel,Diésel,Mecánica,163 HP,400 Nm,4x4,,,4,5,2,22590000,3100000,1000000,18490000
Maxus,T60 GL-GLX,Perfecta para todos tus trabajos,liviano,Pick-Up,NO,T60 4X4 GL 6MT E6 4AB,2.0L Turbo Diésel,Diésel,Mecánica,163 HP,400 Nm,4x4,,,4,5,4,22590000,2600000,1000000,18990000
Maxus,T60 GL-GLX,Perfecta para todos tus trabajos,liviano,Pick-Up,NO,T60 4X4 GLX AT E6,2.0L Turbo Diésel,Diésel,Automática,163 HP,400 Nm,4x4,,,4,5,6,26690000,4200000,1000000,21490000
Maxus,T60 MAX,Potencia para rendir al máximo,liviano,Pick-Up,NO,T60 MAX 4X4 GL 8AT E6,2.0L Turbo Diésel,Diésel,Automática,163 HP,400 Nm,4x4,,,4,5,6,24990000,3400000,1000000,20590000
Maxus,T60 MAX,Potencia para rendir al máximo,liviano,Pick-Up,NO,T60 MAX 4X4 GLX 8AT E6,2.0L Turbo Diésel,Diésel,Automática,163 HP,400 Nm,4x4,,,4,5,6,26990000,3000000,1000000,22990000
Maxus,T90,"Eficiente, segura, resistente. Una 4x4 que supera todos los obstáculos",liviano,Pick-Up,NO,T90 4X4 AT E6,2.0L Bi-Turbo Diésel,Diésel,Automática,215 HP,500 Nm,4x4,9.1 km/l,,4,5,6,29690000,5700000,1000000,22990000
Maxus,T90,"Eficiente, segura, resistente. Una 4x4 que supera todos los obstáculos",liviano,Pick-Up,NO,T90 ADVENTURE 4X4 AT E6,2.0L Bi-Turbo Diésel,Diésel,Automática,215 HP,500 Nm,4x4,9.1 km/l,,4,5,6,34990000,4000000,1000000,29990000
Maxus,ALL NEW T90,"Seguridad, innovación y potencia en cualquier camino",liviano,Pick-Up,NO,ALL NEW T90 4X4 GL 8AT E6,2.5L Turbo Diésel,Diésel,Automática,221 HP,520 Nm,4x4,,,4,5,7,30990000,4000000,1000000,25990000
Maxus,ALL NEW T90,"Seguridad, innovación y potencia en cualquier camino",liviano,Pick-Up,NO,ALL NEW T90 4X4 GLX 8AT E6,2.5L Turbo Diésel,Diésel,Automática,221 HP,520 Nm,4x4,,,4,5,7,33990000,1000000,1000000,31990000
Maxus,ALL NEW T90 EV,"100% eléctrica, 100% capaz",liviano,"Pick-Up, Eléctrico",NO,ALL NEW T90 EV GL,Doble Motor Eléctrico,Eléctrico,Automática,174 HP,310 Nm,4x4,,430 km,4,5,7,53990000,500000,500000,52990000
Maxus,ALL NEW T90 EV,"100% eléctrica, 100% capaz",liviano,"Pick-Up, Eléctrico",NO,ALL NEW T90 EV GLX,Doble Motor Eléctrico,Eléctrico,Automática,174 HP,310 Nm,4x4,,430 km,4,5,7,57990000,500000,500000,56990000
Maxus,T90 EV,Pick up eléctrica con 1.000 kg de capacidad de carga,liviano,"Pick-Up, Eléctrico",NO,T90 EV 4X2 AT,Motor Eléctrico,Eléctrico,Automática,174 HP,310 Nm,4x2,,471 km,4,5,6,27990000,0,0,27990000
Maxus,C35,El compañero más fiel para tu trabajo,liviano,Furgón,NO,C35 E6,2.0L Turbo Diésel,Diésel,Mecánica,129 HP,350 Nm,4x2,,,,2,2,18990000,3400000,600000,14990000
Maxus,C35,El compañero más fiel para tu trabajo,liviano,Furgón,NO,C35 C/PLANA E6,2.0L Turbo Diésel,Diésel,Mecánica,129 HP,350 Nm,4x2,,,,2,2,19990000,3400000,600000,15990000
Maxus,C35,El compañero más fiel para tu trabajo,liviano,Furgón,NO,C35 L E6,2.0L Turbo Diésel,Diésel,Mecánica,129 HP,350 Nm,4x2,11.4 km/l,,,2,2,19990000,3400000,600000,15990000
Maxus,C35,El compañero más fiel para tu trabajo,liviano,Furgón,NO,C35 L C/PLANA E6,2.0L Turbo Diésel,Diésel,Mecánica,129 HP,350 Nm,4x2,,,,2,2,20990000,3400000,600000,16990000
Maxus,C35,El compañero más fiel para tu trabajo,liviano,Furgón,NO,C35 DC C/PLANA E6,2.0L Turbo Diésel,Diésel,Mecánica,129 HP,350 Nm,4x2,,,,5,2,21990000,4400000,600000,16990000
Maxus,Deliver 9 Cargo,El nuevo compañero de trabajo para los más exigentes,liviano,Furgón,NO,DELIVER 9 CARGO L2H2,2.0L Turbo Diésel,Diésel,Mecánica,163 HP,375 Nm,4x2,9.2 km/l,,,3,2,24690000,1600000,600000,22490000
Maxus,Deliver 9 Cargo,El nuevo compañero de trabajo para los más exigentes,liviano,Furgón,NO,DELIVER 9 CARGO L3H2,2.0L Turbo Diésel,Diésel,Mecánica,163 HP,375 Nm,4x2,9.2 km/l,,,3,2,25490000,0,600000,24890000
Maxus,Deliver 9 Cargo,El nuevo compañero de trabajo para los más exigentes,liviano,Furgón,NO,DELIVER 9 CARGO L3H3,2.0L Turbo Diésel,Diésel,Mecánica,163 HP,375 Nm,4x2,,,,3,2,25990000,0,600000,25390000
Maxus,Deliver 9 Cargo,El nuevo compañero de trabajo para los más exigentes,liviano,Furgón,NO,DELIVER 9 CARGO L3H3 RWD GLX,2.0L Turbo Diésel,Diésel,Mecánica,163 HP,375 Nm,4x2,9.2 km/l,,,3,6,31990000,0,600000,31390000
Maxus,Deliver 9 Pasajeros,Van de pasajeros o viajes ejecutivos,liviano,Minibús,NO,DELIVER 9 MINIBUS 15+1 L3H2 E6,2.0L Turbo Diésel,Diésel,Mecánica,148 HP,375 Nm,4x2,,,,16,2,34990000,0,600000,34390000
Maxus,Deliver 9 Pasajeros,Van de pasajeros o viajes ejecutivos,liviano,Minibús,NO,DELIVER 9 MINIBUS 15+1 L3H2 8AT E6,2.0L Turbo Diésel,Diésel,Automática,148 HP,375 Nm,4x2,,,,16,2,37090000,0,600000,36490000
Maxus,Deliver 9 Escolar,"Eficiente, segura y resistente en todos los ambientes",liviano,"Minibús, Escolares",NO,DELIVER 9 ESCOLAR 26+1 (color blanco),2.0L Turbo Diésel,Diésel,Mecánica,148 HP,375 Nm,4x2,,,,27,2,35990000,0,600000,35390000
Maxus,G10 Cargo,La más versátil de su categoría,liviano,Furgón,NO,G10 CARGO MT E6,2.0L Turbo Diésel,Diésel,Mecánica,160 HP,390 Nm,4x2,8.9 km/l,,5,2,2,20990000,400000,600000,19990000
Maxus,G10 Minibús,Minibús para 9+1 pasajeros,liviano,Minibús,NO,G10 MINIBUS 9+1 MT E6,2.0L Turbo Diésel,Diésel,Mecánica,163 HP,375 Nm,4x2,12.7 km/l,,5,10,2,25390000,1800000,600000,22990000
Maxus,G10 Minibús,Minibús para 6+1 pasajeros,liviano,Minibús,NO,G10 MINIBUS 6+1 MT E6,2.0L Turbo Diésel,Diésel,Mecánica,163 HP,375 Nm,4x2,12.7 km/l,,5,7,2,25390000,0,600000,24790000
Maxus,G90 Minibús,Una van segura y cómoda para el transporte de pasajeros,liviano,Minibús,NO,G90 MINIBUS ELITE 6+1 AT,2.0L Turbo Diésel,Diésel,Automática,159 HP,390 Nm,4x2,13.3 km/l,,5,7,4,28990000,2400000,600000,25990000
Maxus,G90 Minibús,Una van segura y cómoda para el transporte de pasajeros,liviano,Minibús,NO,G90 MINIBUS LUXURY 6+1 AT,2.0L Turbo Diésel,Diésel,Automática,159 HP,390 Nm,4x2,13.3 km/l,,5,7,6,35990000,1000000,500000,34490000
Maxus,MIFA 9,VAN 100% eléctrica,liviano,"Minibús, Eléctrico",SÍ,MIFA 9,Motor Eléctrico,Eléctrico,Automática,242 HP,350 Nm,4x2,,580 km,5,7,6,54590000,0,0,54590000
Maxus,eDeliver 9 Cargo,Van eléctrica cero emisiones con estándar de carga europeo,liviano,"Furgón, Eléctrico",NO,EDELIVER 9 CARGO L2H2,Motor Eléctrico,Eléctrico,Automática,200 HP,310 Nm,4x2,,180 km,,3,2,34990000,0,0,34990000
Maxus,eDeliver 9 Cargo,Van eléctrica cero emisiones con estándar de carga europeo,liviano,"Furgón, Eléctrico",NO,EDELIVER 9 CARGO L3H2,Motor Eléctrico,Eléctrico,Automática,200 HP,310 Nm,4x2,,248 km,,3,2,41990000,0,0,41990000
Maxus,ET-1825,Camión eléctrico versátil que permite llevar tu carga sin emitir CO2,camión,"Camión, Eléctrico",NO,ET-1825,Motor Eléctrico,Eléctrico,Automática,134 HP,,4x2,,400 km,2,,2,149000,0,0,149000
Maxus,ET-516,Camión eléctrico versátil que permite llevar tu carga sin emitir CO2,camión,"Camión, Eléctrico",NO,ET-516,Motor Eléctrico,Eléctrico,Automática,160 HP,,4x2,,240 km,2,,2,29900,0,0,29900
Maxus,ET-916,Camión eléctrico versátil que permite llevar tu carga sin emitir CO2,camión,"Camión, Eléctrico",NO,ET-916,Motor Eléctrico,Eléctrico,Automática,163 HP,,4x2,,300 km,2,,6,60000,0,0,60000
Maxus,ET-1849,Camión eléctrico versátil que permite llevar tu carga sin emitir CO2,camión,"Tractocamión, Eléctrico",NO,ET-1849,Motor Eléctrico,Eléctrico,Automática,490 HP,,4x2,,150 km,2,,2,110000,0,0,110000
Maxus,ET-2549,Camión eléctrico versátil que permite llevar tu carga sin emitir CO2,camión,"Tractocamión, Eléctrico",NO,ET-2549,Motor Eléctrico,Eléctrico,Automática,490 HP,,AWD,,150 km,2,,2,120000,0,0,120000
Jetour,X50,La diversión pasa por ti,liviano,SUV,SÍ,1.5L MT LUX,1.5L,Gasolina,Mecánica,145 HP,,4x2,,,,,2,12490000,1000000,1500000,9990000
Jetour,X50,La diversión pasa por ti,liviano,SUV,SÍ,1.5T 6DCT TURBO LUX,1.5T,Gasolina,DCT / DSG,145 HP,,4x2,,,,,4,15490000,2000000,1000000,12490000
Jetour,Dashing,ÚNICAMENTE DISTINGUIDO,liviano,SUV,SÍ,6MT 1.5L Turbo Special Edition FL,1.5L Turbo,Gasolina,Mecánica,145 HP,,4x2,,,,,2,16490000,2000000,1000000,13490000
Jetour,Dashing,ÚNICAMENTE DISTINGUIDO,liviano,SUV,SÍ,1.5L 6MT Turbo Lux FL,1.5L Turbo,Gasolina,Mecánica,145 HP,,4x2,,,,,4,17490000,2500000,1000000,13990000
Jetour,Dashing,ÚNICAMENTE DISTINGUIDO,liviano,SUV,SÍ,6DCT 1.5L Turbo Special Edition FL,1.5L Turbo,Gasolina,DCT / DSG,145 HP,,4x2,,,,,4,18490000,3500000,1000000,13990000
Jetour,Dashing,ÚNICAMENTE DISTINGUIDO,liviano,SUV,SÍ,6DCT 1.5L Turbo Lux,1.5L Turbo,Gasolina,DCT / DSG,145 HP,,4x2,,,,,6,19490000,2500000,1000000,15990000
Jetour,Dashing,ÚNICAMENTE DISTINGUIDO,liviano,SUV,SÍ,7DCT 1.6L Turbo GDI Limited,1.6L Turbo,Gasolina,DCT / DSG,188 HP,,4x2,,,,,6,21990000,2500000,1000000,18490000
Jetour,X70,SUV para 7 pasajeros,liviano,SUV,SÍ,1.5T 6MT TURBO FL,1.5T,Gasolina,Mecánica,145 HP,,4x2,,,,7,6,17490000,4000000,1000000,12490000
Jetour,X70,SUV para 7 pasajeros,liviano,SUV,SÍ,1.5T 6DCT TURBO FL,1.5T,Gasolina,DCT / DSG,145 HP,,4x2,,,,7,6,19490000,4500000,1000000,13990000
Jetour,X70 PLUS,Disfruta en familia: SUV para 7 pasajeros,liviano,SUV,SÍ,1.5T 6DCT FL,1.5T,Gasolina,DCT / DSG,145 HP,,4x2,,,,7,4,20990000,3000000,1000000,16990000
Jetour,X70 PLUS,Disfruta en familia: SUV para 7 pasajeros,liviano,SUV,SÍ,1.6T GDI 7DCT LUX FL,1.6T,Gasolina,DCT / DSG,188 HP,,4x2,,,,7,6,22490000,3500000,1000000,17990000
Jetour,X90 Plus,SUV para 7 pasajeros,liviano,SUV,SÍ,2.0T GDI 7DCT,2.0T,Gasolina,DCT / DSG,241 HP,,4x2,,,,7,6,27490000,3000000,1500000,22990000
Jetour,T1,Despierta tu aventura,liviano,SUV,SÍ,1.5T 7DCT LUXURY,1.5T,Gasolina,DCT / DSG,167 HP,,4x2,,,,,6,22990000,2500000,1500000,18990000
Jetour,T1,Despierta tu aventura,liviano,SUV,SÍ,1.5T 7DCT LUXURY MATE,1.5T,Gasolina,DCT / DSG,167 HP,,4x2,,,,,6,23490000,2500000,1500000,19490000
Jetour,T1,Despierta tu aventura,liviano,SUV,SÍ,2.0T 8AT XWD LIMITED,2.0T,Gasolina,Automática,241 HP,,AWD,,,,,6,26990000,1500000,1500000,23990000
Jetour,T1,Despierta tu aventura,liviano,SUV,SÍ,2.0T 8AT XWD LIMITED MATE,2.0T,Gasolina,Automática,241 HP,,AWD,,,,,6,27490000,1500000,1500000,24490000
Jetour,T2,"VERSATILIDAD, COMODIDAD Y TECNOLOGÍA",liviano,SUV,SÍ,2.0T GDI AWD 7DCT LIMITED,2.0T,Gasolina,DCT / DSG,241 HP,,AWD,,,,,6,29990000,1500000,1500000,26990000
Jetour,T2,"VERSATILIDAD, COMODIDAD Y TECNOLOGÍA",liviano,SUV,SÍ,2.0T GDI AWD 7DCT LIMITED MATE,2.0T,Gasolina,DCT / DSG,241 HP,,AWD,,,,,6,30490000,1500000,1500000,27490000
Jetour,T1 PHEV,"Confort, tecnología y seguridad",liviano,"SUV, Híbrido",SÍ,1.5T PHEV LIMITED,1.5T PHEV,Híbrido,Automática,341 HP,,4x2,,1000 km,,,6,29990000,1000000,2000000,26990000
Jetour,T1 PHEV,"Confort, tecnología y seguridad",liviano,"SUV, Híbrido",SÍ,1.5T PHEV LIMITED MATE,1.5T PHEV,Híbrido,Automática,341 HP,,4x2,,1000 km,,,6,30490000,1000000,2000000,27490000
Jetour,T2 PHEV,"Libertad, tecnología y seguridad",liviano,"SUV, Híbrido",SÍ,1.5T PHEV LIMITED,1.5T PHEV,Híbrido,Automática,375 HP,,4x2,,1000 km,,,6,36990000,0,2000000,34990000
Jetour,T2 PHEV,"Libertad, tecnología y seguridad",liviano,"SUV, Híbrido",SÍ,1.5T PHEV LIMITED MATE,1.5T PHEV,Híbrido,Automática,375 HP,,4x2,,1000 km,,,6,37490000,0,2000000,35490000
Soueast,S06,"SUV Urbano, Seguro y Tecnológico",liviano,SUV,SÍ,1.5T 6DCT LUX,1.5L Turbo,Gasolina,DCT / DSG,154 HP,,4x2,,,,5,6,17990000,2000000,1000000,14990000
Soueast,S06,"SUV Urbano, Seguro y Tecnológico",liviano,SUV,SÍ,1.6T 7DCT LUX,1.6L Turbo,Gasolina,DCT / DSG,194 HP,,4x2,,,,5,6,18990000,2000000,1000000,15990000
Soueast,S06,"SUV Urbano, Seguro y Tecnológico",liviano,SUV,SÍ,1.6T 7DCT LIMITED,1.6L Turbo,Gasolina,DCT / DSG,194 HP,,4x2,,,,5,6,20490000,2000000,1000000,17490000
Soueast,S06 PHEV,SUV Híbrido Enchufable,liviano,"SUV, Híbrido",SÍ,S06 PHEV LIMITED,1.5L Turbo,Híbrido,Automática,355 HP,,4x2,,1140 km,,5,6,26990000,3000000,2000000,21990000
Soueast,S07,SUV Familiar 7 pasajeros Espacioso y Tecnológico,liviano,SUV,SÍ,1.5T 6DCT,1.5L Turbo,Gasolina,DCT / DSG,154 HP,,4x2,,,,7,6,17990000,1000000,1000000,15990000
Soueast,S07,SUV Familiar 7 pasajeros Espacioso y Tecnológico,liviano,SUV,SÍ,1.6T 7DCT,1.6L Turbo,Gasolina,DCT / DSG,194 HP,,4x2,,,,7,6,19490000,1000000,1000000,17490000
Soueast,S09,SUV Familiar 7 pasajeros Espacioso y Tecnológico,liviano,SUV,SÍ,2.0T 7DCT,2.0L Turbo,Gasolina,DCT / DSG,255 HP,,4x2,,,,7,6,25990000,1500000,1500000,22990000
Kaiyi,KYX3,SUV joven y auténtico,liviano,SUV,SÍ,1.5L MT STD,1.5L,Gasolina,Mecánica,111 HP,143 Nm,4x2,13.9 km/l,,,5,2,12990000,3000000,1000000,8990000
Kaiyi,KYX3,SUV joven y auténtico,liviano,SUV,SÍ,1.5L MT LUX,1.5L,Gasolina,Mecánica,111 HP,143 Nm,4x2,13.6 km/l,,,5,2,13990000,3000000,1000000,9990000
Kaiyi,KYX3,SUV joven y auténtico,liviano,SUV,SÍ,1.5L CVT LUX,1.5L,Gasolina,CVT,111 HP,143 Nm,4x2,13.6 km/l,,,5,2,14990000,3700000,1000000,10290000
Kaiyi,KYX3 Pro,"SUV POTENTE, ESTABLE Y CONFIABLE",liviano,SUV,SÍ,1.5L Turbo CVT,1.5L Turbo,Gasolina,CVT,145 HP,230 Nm,4x2,12.9 km/l,,,5,4,15990000,3500000,1000000,11490000
Kaiyi,KYX7,"Moderno, Potente y Versatil",liviano,SUV,SÍ,1.6T 7DCT STD,1.6L Turbo,Gasolina,DCT / DSG,183 HP,275 Nm,4x2,12.9 km/l,,,7,4,19990000,3500000,1500000,14990000
Kaiyi,KYX7,"Moderno, Potente y Versatil",liviano,SUV,SÍ,1.6T 7DCT LUX,1.6L Turbo,Gasolina,DCT / DSG,183 HP,275 Nm,4x2,12.9 km/l,,,7,4,20990000,3500000,1500000,15990000
Kaiyi,KYX7,"Moderno, Potente y Versatil",liviano,SUV,SÍ,2.0T 7DCT LUX,2.0L Turbo,Gasolina,DCT / DSG,234 HP,375 Nm,4x2,11.5 km/l,,,7,6,22990000,4500000,1500000,16990000
Kaiyi,KYE5,EL PLACER DE CONDUCIR UN SEDÁN,liviano,Sedán,SÍ,1.5T MT LUX,1.5L Turbo,Gasolina,Mecánica,145 HP,230 Nm,4x2,13.5 km/l,,,5,2,14990000,5000000,1000000,8990000
Kaiyi,KYE5,EL PLACER DE CONDUCIR UN SEDÁN,liviano,Sedán,SÍ,1.5T CVT LUX,1.5L Turbo,Gasolina,CVT,145 HP,230 Nm,4x2,13.1 km/l,,,5,2,15690000,4700000,1000000,9990000