Marca,Modelo,Version,Precio Lista,Bono Marca,Bono Financiamiento,Precio Financiamiento,Tipo,Categoria,Incluye IVA,Motor CC,Combustible,Transmision,Airbags,Traccion,Rendimiento Mixto,Autonomia KM,Potencia Hp,Torque Nm
Audi,A3 Sedán,PI 35 TFSI S line MHEV,"$41,990,000","$2,290,000","$1,200,000","$38,500,000",liviano,"sedán, híbrido",SÍ,1.5L MHEV,Híbrido,Automática,6,4x2,"19,6 km/l",-,150 HP,250 Nm
Audi,A3 Sportback,PI 35 TFSI MHEV,"$37,990,000","$4,090,000","$3,000,000","$30,900,000",liviano,"hatchback, híbrido",SÍ,1.5L MHEV,Híbrido,Automática,6,4x2,"19,6 km/l",-,150 HP,250 Nm
Audi,A3 Sportback,PI 35 TFSI S line MHEV,"$42,490,000","$2,590,000","$3,000,000","$36,900,000",liviano,"hatchback, híbrido",SÍ,1.5L MHEV,Híbrido,Automática,6,4x2,"19,6 km/l",-,150 HP,250 Nm
Audi,A3 Sportback,PI 35 TFSI S line MHEV Special Edition,"$44,490,000","$1,990,000","$3,000,000","$39,500,000",liviano,"hatchback, híbrido",SÍ,1.5L MHEV,Híbrido,Automática,6,4x2,"19,6 km/l",-,150 HP,250 Nm
Audi,A6 Sportback e-tron,S line,"$89,900,000",$0,"$1,700,000","$88,200,000",liviano,"sedán, eléctrico",SÍ,Eléctrico,Eléctrico,Automática,-,4x2,"16,0 kWh/100km",750 km,285 HP,565 Nm
Audi,A6 Sportback e-tron,performance S line,"$104,900,000",$0,"$1,700,000","$103,200,000",liviano,"sedán, eléctrico",SÍ,Eléctrico,Eléctrico,Automática,-,4x2,"16,0 kWh/100km",716 km,367 HP,610 Nm
Audi,Nuevo A5,TFSI,"$53,900,000","$1,000,000","$3,000,000","$49,900,000",liviano,sedán,SÍ,2.0L,Gasolina,Automática,-,4x2,"14,2 km/l",-,204 HP,370 Nm
Audi,Nuevo A5,TFSI quattro S line,"$59,900,000","$1,000,000","$3,000,000","$55,900,000",liviano,sedán,SÍ,2.0L,Gasolina,Automática,-,AWD,"13,7 km/l",-,204 HP,370 Nm
Audi,Nuevo Q3,TFSI,"$44,990,000","$1,000,000","$2,500,000","$41,490,000",liviano,suv,SÍ,1.5L,Gasolina,Automática,6,4x2,"13,4 km/l",-,150 HP,250 Nm
Audi,Nuevo Q3 Sportback,TFSI,"$47,490,000","$1,000,000","$2,500,000","$43,990,000",liviano,suv,SÍ,1.5L,Gasolina,Automática,6,4x2,"13,4 km/l",-,150 HP,250 Nm
Audi,Nuevo Q5,45 TFSI S line,"$74,390,000","$14,290,000","$1,700,000","$58,400,000",liviano,suv,SÍ,2.0L,Gasolina,Automática,7,AWD,"11,8 km/l",-,249 HP,370 Nm
Audi,Nuevo Q5,TFSI quattro,"$56,700,000","$2,000,000","$2,000,000","$52,700,000",liviano,suv,SÍ,2.0L,Gasolina,Automática,7,AWD,"13,5 km/l",-,204 HP,370 Nm
Audi,Nuevo Q5,TFSI quattro S line,"$63,700,000","$2,000,000","$2,000,000","$59,700,000",liviano,suv,SÍ,2.0L,Gasolina,Automática,7,AWD,"13,5 km/l",-,204 HP,370 Nm
Audi,Nuevo Q5 Sportback,TFSI quattro,"$59,200,000","$2,000,000","$2,000,000","$55,200,000",liviano,suv,SÍ,2.0L,Gasolina,Automática,7,AWD,"13,5 km/l",-,204 HP,370 Nm
Audi,Nuevo Q5 Sportback,TFSI quattro S line,"$66,200,000","$2,000,000","$2,000,000","$62,200,000",liviano,suv,SÍ,2.0L,Gasolina,Automática,7,AWD,"13,5 km/l",-,204 HP,370 Nm
Audi,Nuevo S5,TFSI quattro,"$78,900,000","$1,000,000","$3,000,000","$74,900,000",liviano,sedán,SÍ,3.0L,Gasolina,Automática,-,AWD,"13,2 km/l",-,367 HP,500 Nm
Audi,Nuevo SQ5,TFSI quattro,"$83,700,000","$2,000,000","$2,000,000","$79,700,000",liviano,suv,SÍ,3.0L,Gasolina,Automática,7,AWD,"11,8 km/l",-,367 HP,550 Nm
Audi,Q3,35 TFSI,"$42,990,000","$3,390,000","$2,700,000","$36,900,000",liviano,suv,SÍ,1.4L,Gasolina,Automática,6,4x2,"14,1 km/l",-,150 HP,250 Nm
Audi,Q3,35 TFSI (MY26),"$43,490,000","$2,390,000","$2,700,000","$38,400,000",liviano,suv,SÍ,1.5L,Gasolina,Automática,6,4x2,"14,1 km/l",-,150 HP,250 Nm
Audi,Q3 Sportback,35 TFSI (MY26),"$45,490,000","$3,690,000","$3,400,000","$38,400,000",liviano,suv,SÍ,1.5L,Gasolina,Automática,6,4x2,"14,1 km/l",-,150 HP,250 Nm
Audi,Q3 Sportback,35 TFSI S line,"$50,990,000","$3,190,000","$3,400,000","$44,400,000",liviano,suv,SÍ,1.5L,Gasolina,Automática,6,4x2,"14,1 km/l",-,150 HP,250 Nm
Audi,Q4 Sportback e-tron,Q4 Sportback e-tron,"$66,990,000","$2,890,000","$1,700,000","$62,400,000",liviano,"suv, eléctrico",SÍ,Eléctrico,Eléctrico,Automática,7,4x2,"18,0 kWh/100km",579 km,285 HP,545 Nm
Audi,Q4 Sportback e-tron,S line,"$71,990,000","$3,890,000","$1,700,000","$66,400,000",liviano,"suv, eléctrico",SÍ,Eléctrico,Eléctrico,Automática,7,4x2,"18,0 kWh/100km",579 km,285 HP,545 Nm
Audi,Q6 e-tron,45,"$75,990,000","$1,090,000","$1,700,000","$73,200,000",liviano,"suv, eléctrico",SÍ,Eléctrico,Eléctrico,Automática,9,4x2,"18,0 kWh/100km",625 km,252 HP,485 Nm
Audi,Q6 e-tron,50 S line,"$85,990,000","$1,090,000","$1,700,000","$83,200,000",liviano,"suv, eléctrico",SÍ,Eléctrico,Eléctrico,Automática,9,4x2,"18,0 kWh/100km",625 km,306 HP,535 Nm
Audi,Q6 e-tron,55 quattro S line,"$92,990,000","$1,090,000","$1,700,000","$90,200,000",liviano,"suv, eléctrico",SÍ,Eléctrico,Eléctrico,Automática,9,AWD,"19,0 kWh/100km",640 km,388 HP,650 Nm
Audi,Q6 Sportback e-tron,50 S line,"$88,490,000","$1,090,000","$1,700,000","$85,700,000",liviano,"suv, eléctrico",SÍ,Eléctrico,Eléctrico,Automática,9,4x2,"17,5 kWh/100km",656 km,306 HP,535 Nm
Audi,Q6 Sportback e-tron,55 S line quattro,"$95,490,000","$1,090,000","$1,700,000","$92,700,000",liviano,"suv, eléctrico",SÍ,Eléctrico,Eléctrico,Automática,9,AWD,"18,5 kWh/100km",657 km,388 HP,650 Nm
Audi,Q7,PI 55 TFSI (7P),"$85,600,000","$6,700,000","$3,500,000","$75,400,000",liviano,suv,SÍ,3.0L,Gasolina,Automática,6,AWD,"10,8 km/l",-,340 HP,500 Nm
Audi,Q7,PI 55 TFSI S line (7P),"$104,600,000","$7,700,000","$3,500,000","$93,400,000",liviano,suv,SÍ,3.0L,Gasolina,Automática,6,AWD,"11,6 km/l",-,340 HP,500 Nm
Audi,Q7,PI 55 TFSI (7P) - MY26,"$90,600,000","$6,700,000","$3,500,000","$80,400,000",liviano,suv,SÍ,3.0L,Gasolina,Automática,6,AWD,"11,6 km/l",-,340 HP,500 Nm
Audi,Q7,PI 55 TFSI S line (7P) - MY26,"$109,600,000","$7,700,000","$3,500,000","$98,400,000",liviano,suv,SÍ,3.0L,Gasolina,Automática,6,AWD,"11,6 km/l",-,340 HP,500 Nm
Audi,Q8,55 TFSI,"$92,600,000","$7,200,000","$3,500,000","$81,900,000",liviano,suv,SÍ,3.0L,Gasolina,Automática,6,AWD,"11,4 km/l",-,340 HP,500 Nm
Audi,Q8,55 TFSI S line,"$105,600,000","$9,200,000","$3,500,000","$92,900,000",liviano,suv,SÍ,3.0L,Gasolina,Automática,6,AWD,"11,5 km/l",-,340 HP,500 Nm
Audi,Q8,55 TFSI - MY26,"$97,600,000","$7,200,000","$3,500,000","$86,900,000",liviano,suv,SÍ,3.0L,Gasolina,Automática,6,AWD,"11,5 km/l",-,340 HP,500 Nm
Audi,Q8,55 TFSI S line - MY26,"$110,600,000","$9,200,000","$3,500,000","$97,900,000",liviano,suv,SÍ,3.0L,Gasolina,Automática,6,AWD,"11,5 km/l",-,340 HP,500 Nm
Audi,RS Q8 performance,Performance,"$199,400,000",$0,"$1,700,000","$197,700,000",liviano,suv,SÍ,4.0L,Gasolina,Automática,6,AWD,"7,8 km/l",-,640 HP,850 Nm
Audi,SQ7,SQ7,"$134,600,000","$7,200,000","$3,500,000","$123,900,000",liviano,suv,SÍ,4.0L,Gasolina,Automática,6,AWD,"8,5 km/l",-,507 HP,770 Nm
Audi,SQ8,SQ8,"$137,600,000","$7,200,000","$3,500,000","$126,900,000",liviano,suv,SÍ,4.0L,Gasolina,Automática,6,AWD,"8,4 km/l",-,507 HP,770 Nm
BMW,i4,eDrive40 Gran Coupé M Sport LCI II,"$87,900,000",$0,"$8,000,000","$79,900,000",liviano,"coupé, eléctrico",SÍ,Eléctrico,Eléctrico,Automática,6,4x2,"6,1 km/kWh",590 km,340 HP,430 Nm
BMW,i5,eDrive40 M Sport,"$104,900,000",$0,"$5,000,000","$99,900,000",liviano,"sedán, eléctrico",SÍ,Eléctrico,Eléctrico,Automática,6,4x2,"6,3 km/kWh",582 km,340 HP,430 Nm
BMW,i7,M70 xDrive,"$203,900,000",$0,"$9,000,000","$194,900,000",liviano,"sedán, eléctrico",SÍ,Eléctrico,Eléctrico,Automática,6,AWD,"4,8 km/kWh",560 km,660 HP,1100 Nm
BMW,iX,xDrive45 Atelier,"$108,900,000",$0,"$9,000,000","$99,900,000",liviano,"suv, eléctrico",SÍ,Eléctrico,Eléctrico,Automática,6,AWD,"5,2 km/kWh",425 km,326 HP,630 Nm
BMW,iX1,eDrive20 Comfort,"$56,900,000",$0,"$4,500,000","$52,400,000",liviano,"suv, eléctrico",SÍ,Eléctrico,Eléctrico,Automática,6,4x2,"6,0 km/kWh",475 km,204 HP,250 Nm
BMW,iX2,xDrive30 M Sport,"$77,900,000",$0,"$8,000,000","$69,900,000",liviano,"suv, eléctrico",SÍ,Eléctrico,Eléctrico,Automática,6,AWD,"6,1 km/kWh",449 km,313 HP,494 Nm
BMW,M2,Coupé LCI,"$104,900,000",$0,"$7,000,000","$97,900,000",liviano,coupé,SÍ,3.0L Turbo,Gasolina,Automática,6,4x2,"10,2 km/l",-,460 HP,550 Nm
BMW,M2,Coupé CS LCI,"$149,900,000",$0,"$9,000,000","$140,900,000",liviano,coupé,SÍ,3.0L Turbo,Gasolina,Automática,6,4x2,"9,8 km/l",-,530 HP,600 Nm
BMW,M2,Coupé MT LCI,"$110,900,000",$0,"$5,000,000","$105,900,000",liviano,coupé,SÍ,3.0L Turbo,Gasolina,Mecánica,6,4x2,"10,0 km/l",-,460 HP,550 Nm
BMW,M3,Competition xDrive LCI II,"$125,900,000",$0,"$7,000,000","$118,900,000",liviano,deportivo,SÍ,3.0L Turbo,Gasolina,Automática,6,AWD,"9,8 km/l",-,510 HP,650 Nm
BMW,M3,CS Touring LCI,"$200,000,000",$0,"$15,000,000","$185,000,000",liviano,deportivo,SÍ,3.0L Turbo,Gasolina,Automática,6,AWD,"9,8 km/l",-,551 HP,650 Nm
BMW,M4,Competition xDrive LCI II,"$132,900,000",$0,"$7,000,000","$125,900,000",liviano,"deportivo, coupé",SÍ,3.0L Turbo,Gasolina,Automática,6,AWD,"10,4 km/l",-,530 HP,650 Nm
BMW,M4,Competition xDrive Cabriolet LCI II,"$130,900,000",$0,"$7,000,000","$123,900,000",liviano,"deportivo, convertible",SÍ,3.0L Turbo,Gasolina,Automática,6,AWD,"11,5 km/l",-,510 HP,650 Nm
BMW,M440i GRAN COUPÉ,xDrive LCI II,"$86,900,000",$0,"$4,500,000","$82,400,000",liviano,coupé,SÍ,3.0L Turbo,Gasolina,Automática,6,AWD,"12,5 km/l",-,387 HP,500 Nm
BMW,M5,Berlina,"$173,900,000",$0,"$9,000,000","$164,900,000",liviano,deportivo,SÍ,4.4L PHEV,Híbrido,Automática,6,AWD,"52,6 km/l",69 km,727 HP,1000 Nm
BMW,SERIE 1,120 Hatch Dynamic,"$35,900,000",$0,"$6,000,000","$29,900,000",liviano,hatchback,SÍ,1.5L MHEV,Híbrido,Automática,6,4x2,"18,2 km/l",-,170 HP,280 Nm
BMW,SERIE 1,120 Hatch M Sport,"$42,900,000",$0,"$4,000,000","$38,900,000",liviano,hatchback,SÍ,1.5L MHEV,Híbrido,Automática,6,4x2,"18,2 km/l",-,156 HP,280 Nm
BMW,SERIE 1,M135 Hatch xDrive,"$59,900,000",$0,"$6,000,000","$53,900,000",liviano,hatchback,SÍ,2.0L Turbo,Gasolina,Automática,6,AWD,"12,8 km/l",-,317 HP,400 Nm
BMW,SERIE 2 COUPÉ,220i M Sport LCI,"$49,900,000",$0,"$2,000,000","$47,900,000",liviano,coupé,SÍ,2.0L Turbo,Gasolina,Automática,6,4x2,"11,5 km/l",-,184 HP,300 Nm
BMW,SERIE 2 COUPÉ,M240i xDrive LCI,"$70,900,000",$0,"$5,000,000","$65,900,000",liviano,coupé,SÍ,3.0L Turbo,Gasolina,Automática,6,AWD,"12,5 km/l",-,387 HP,500 Nm
BMW,SERIE 2 GRAN COUPÉ,220 Dynamic,"$39,900,000",$0,"$5,000,000","$34,900,000",liviano,coupé,SÍ,1.5L MHEV,Híbrido,Automática,6,4x2,"18,5 km/l",-,170 HP,280 Nm
BMW,SERIE 2 GRAN COUPÉ,M235 xDrive,"$64,900,000",$0,"$5,000,000","$59,900,000",liviano,coupé,SÍ,2.0L Turbo,Gasolina,Automática,6,AWD,"12,2 km/l",-,317 HP,400 Nm
BMW,SERIE 3,320i Urban LCI II,"$47,900,000",$0,"$4,500,000","$43,400,000",liviano,sedán,SÍ,2.0L Turbo,Gasolina,Automática,6,4x2,"15,0 km/l",-,184 HP,300 Nm
BMW,SERIE 3,320i M Sport SE LCI II,"$53,900,000",$0,"$3,500,000","$50,400,000",liviano,sedán,SÍ,2.0L Turbo,Gasolina,Automática,6,4x2,"15,0 km/l",-,184 HP,300 Nm
BMW,SERIE 3,M340i xDrive 50th LCI II,"$79,900,000",$0,"$5,000,000","$74,900,000",liviano,sedán,SÍ,3.0L Turbo,Gasolina,Automática,6,AWD,"13,0 km/l",-,387 HP,500 Nm
BMW,SERIE 3 HÍBRIDO,330e Dynamic LCI II,"$65,900,000",$0,"$7,000,000","$58,900,000",liviano,"sedán, híbrido",SÍ,2.0L PHEV,Híbrido,Automática,6,4x2,"47,6 km/l",55 km,292 HP,420 Nm
BMW,SERIE 4,430i M Sport SE LCI II,"$60,900,000",$0,"$7,000,000","$53,900,000",liviano,coupé,SÍ,2.0L Turbo,Gasolina,Automática,6,4x2,"15,1 km/l",-,258 HP,400 Nm
BMW,SERIE 4,M440i xDrive LCI II,"$85,900,000",$0,"$10,000,000","$75,900,000",liviano,coupé,SÍ,3.0L Turbo,Gasolina,Automática,6,AWD,"12,5 km/l",-,374 HP,500 Nm
BMW,SERIE 4 CONVERTIBLE,420i Cabriolet Dynamic LCI II,"$59,900,000",$0,"$6,000,000","$53,900,000",liviano,convertible,SÍ,2.0L Turbo,Gasolina,Automática,6,4x2,"14,7 km/l",-,184 HP,300 Nm
BMW,SERIE 4 CONVERTIBLE,M440i xDrive Cabriolet LCI II,"$89,900,000",$0,"$4,500,000","$85,400,000",liviano,convertible,SÍ,3.0L Turbo,Gasolina,Automática,6,AWD,"12,2 km/l",-,374 HP,500 Nm
BMW,SERIE 4 GRAN COUPÉ,420i Dynamic LCI II,"$54,900,000",$0,"$7,000,000","$47,900,000",liviano,coupé,SÍ,2.0L Turbo,Gasolina,Automática,6,4x2,"13,6 km/l",-,184 HP,300 Nm
BMW,SERIE 5,520i Heritage,"$68,900,000",$0,"$9,000,000","$59,900,000",liviano,sedán,SÍ,2.0L Turbo,Gasolina,Automática,6,4x2,"15,6 km/l",-,190 HP,310 Nm
BMW,SERIE 5,530e M Sport,"$85,900,000",$0,"$6,000,000","$79,900,000",liviano,"sedán, híbrido",SÍ,2.0L PHEV,Híbrido,Automática,6,4x2,"47,6 km/l",103 km,299 HP,450 Nm
BMW,SERIE 7 HÍBRIDO,750e Pure Excellence,"$175,900,000",$0,"$9,000,000","$166,900,000",liviano,"sedán, híbrido",SÍ,3.0L PHEV,Híbrido,Automática,6,AWD,"63,6 km/l",87 km,489 HP,700 Nm
BMW,X1,sDrive18i Comfort,"$41,900,000",$0,"$5,000,000","$36,900,000",liviano,suv,SÍ,1.5L Turbo,Gasolina,Automática,6,4x2,"15,4 km/l",-,156 HP,230 Nm
BMW,X1,sDrive18i Dynamic,"$46,900,000",$0,"$5,000,000","$41,900,000",liviano,suv,SÍ,1.5L Turbo,Gasolina,Automática,6,4x2,"15,4 km/l",-,156 HP,230 Nm
BMW,X1,sDrive18i M Sport,"$51,900,000",$0,"$7,000,000","$44,900,000",liviano,suv,SÍ,1.5L Turbo,Gasolina,Automática,6,4x2,"15,4 km/l",-,156 HP,230 Nm
BMW,X1,sDrive18d Dynamic,"$48,900,000",$0,"$5,000,000","$43,900,000",liviano,suv,SÍ,2.0L Turbo Diésel,Diésel,Automática,6,4x2,"20,0 km/l",-,150 HP,360 Nm
BMW,X1,sDrive18d M Sport,"$53,900,000",$0,"$6,000,000","$47,900,000",liviano,suv,SÍ,2.0L Turbo Diésel,Diésel,Automática,6,4x2,"20,0 km/l",-,150 HP,360 Nm
BMW,X1 HÍBRIDO,xDrive25e Dynamic,"$53,900,000",$0,"$7,000,000","$46,900,000",liviano,"suv, híbrido",SÍ,1.5L PHEV,Híbrido,Automática,6,AWD,"50,0 km/l",92 km,245 HP,477 Nm
BMW,X1 HÍBRIDO,xDrive25e M Sport,"$60,900,000",$0,"$6,000,000","$54,900,000",liviano,"suv, híbrido",SÍ,1.5L PHEV,Híbrido,Automática,6,AWD,"50,0 km/l",92 km,245 HP,477 Nm
BMW,X2,sDrive20i Dynamic,"$49,900,000",$0,"$6,000,000","$43,900,000",liviano,suv,SÍ,1.5L MHEV,Híbrido,Automática,6,4x2,"15,0 km/l",-,170 HP,280 Nm
BMW,X2,sDrive20i M Sport,"$55,900,000",$0,"$6,000,000","$49,900,000",liviano,suv,SÍ,1.5L MHEV,Híbrido,Automática,6,4x2,"15,0 km/l",-,170 HP,280 Nm
BMW,X2,xDrive20d M Sport,"$58,900,000",$0,"$6,000,000","$52,900,000",liviano,suv,SÍ,2.0L MHEV,Diésel,Automática,6,AWD,"19,0 km/l",-,163 HP,400 Nm
BMW,X2 M35i,xDrive,"$65,900,000",$0,"$5,000,000","$60,900,000",liviano,suv,SÍ,2.0L Turbo,Gasolina,Automática,6,AWD,"12,8 km/l",-,300 HP,400 Nm
BMW,X3,20 sDrive Dynamic,"$57,900,000",$0,"$8,000,000","$49,900,000",liviano,suv,SÍ,2.0L Turbo,Gasolina,Automática,6,4x2,"13,5 km/l",-,184 HP,300 Nm
BMW,X3,20 sDrive Heritage,"$65,900,000",$0,"$5,000,000","$60,900,000",liviano,suv,SÍ,2.0L Turbo,Gasolina,Automática,6,4x2,"13,5 km/l",-,184 HP,300 Nm
BMW,X3,20 sDrive M Sport,"$65,900,000",$0,"$5,000,000","$60,900,000",liviano,suv,SÍ,2.0L Turbo,Gasolina,Automática,6,4x2,"13,5 km/l",-,184 HP,300 Nm
BMW,X3,20d xDrive Dynamic,"$62,900,000",$0,"$9,000,000","$53,900,000",liviano,suv,SÍ,2.0L Turbo Diésel,Diésel,Automática,6,AWD,"17,2 km/l",-,190 HP,400 Nm
BMW,X3,M50 xDrive,"$91,900,000",$0,"$4,000,000","$87,900,000",liviano,suv,SÍ,3.0L MHEV,Híbrido,Automática,6,AWD,"12,0 km/l",-,398 HP,580 Nm
BMW,X3 HÍBRIDO,30e xDrive Heritage,"$79,900,000",$0,"$4,000,000","$75,900,000",liviano,"suv, híbrido",SÍ,2.0L PHEV,Híbrido,Automática,6,AWD,"35,7 km/l",50 km,292 HP,420 Nm
BMW,X4,xDrive20i Dynamic S LCI,"$59,900,000",$0,"$9,000,000","$50,900,000",liviano,suv,SÍ,2.0L Turbo,Gasolina,Automática,6,AWD,"12,9 km/l",-,184 HP,300 Nm
BMW,X5,xDrive40i xLine LCI,"$86,900,000",$0,"$9,000,000","$77,900,000",liviano,suv,SÍ,3.0L MHEV,Híbrido,Automática,6,AWD,"10,8 km/l",-,381 HP,540 Nm
BMW,X5,xDrive40i M Sport LCI,"$108,900,000",$0,"$9,000,000","$99,900,000",liviano,suv,SÍ,3.0L MHEV,Híbrido,Automática,6,AWD,"10,8 km/l",-,381 HP,540 Nm
BMW,X5,xDrive30d xLine LCI,"$88,900,000",$0,"$9,000,000","$79,900,000",liviano,suv,SÍ,3.0L MHEV,Diésel,Automática,6,AWD,"13,0 km/l",-,298 HP,670 Nm
BMW,X5,xDrive30d M Sport LCI,"$113,900,000",$0,"$9,000,000","$104,900,000",liviano,suv,SÍ,3.0L MHEV,Diésel,Automática,6,AWD,"13,0 km/l",-,298 HP,670 Nm
BMW,X5,M60i xDrive LCI,"$138,900,000",$0,"$9,000,000","$129,900,000",liviano,suv,SÍ,4.4L MHEV,Híbrido,Automática,6,AWD,"8,4 km/l",-,530 HP,750 Nm
BMW,X5 HÍBRIDO,xDrive50e xLine LCI,"$104,900,000",$0,"$7,000,000","$97,900,000",liviano,"suv, híbrido",SÍ,3.0L PHEV,Híbrido,Automática,6,AWD,"52,63 km/l",110 km,489 HP,700 Nm
BMW,X5 HÍBRIDO,xDrive50e M Sport LCI,"$121,900,000",$0,"$9,000,000","$112,900,000",liviano,"suv, híbrido",SÍ,3.0L PHEV,Híbrido,Automática,6,AWD,"52,63 km/l",110 km,489 HP,700 Nm
BMW,X5 M,Competition LCI,"$194,900,000",$0,"$9,000,000","$185,900,000",liviano,deportivo,SÍ,4.4L MHEV,Híbrido,Automática,6,AWD,"8,0 km/l",-,625 HP,750 Nm
BMW,X6,xDrive40i M Sport LCI,"$113,900,000",$0,"$18,000,000","$95,900,000",liviano,suv,SÍ,3.0L MHEV,Híbrido,Automática,6,AWD,"10,8 km/l",-,381 HP,540 Nm
BMW,X6,xDrive30d M Sport LCI,"$116,900,000",$0,"$9,000,000","$107,900,000",liviano,suv,SÍ,3.0L MHEV,Diésel,Automática,6,AWD,"13,0 km/l",-,298 HP,670 Nm
BMW,X6,M60i xDrive LCI,"$144,900,000",$0,"$9,000,000","$135,900,000",liviano,suv,SÍ,4.4L MHEV,Híbrido,Automática,6,AWD,"8,4 km/l",-,530 HP,750 Nm
BMW,X6 M,Competition LCI,"$197,900,000",$0,"$9,000,000","$188,900,000",liviano,suv,SÍ,4.4L MHEV,Híbrido,Automática,6,AWD,"8,0 km/l",-,625 HP,750 Nm
BMW,X7,xDrive40i M Sport LCI,"$114,900,000",$0,"$9,000,000","$105,900,000",liviano,suv,SÍ,3.0L MHEV,Híbrido,Automática,6,AWD,"9,4 km/l",-,381 HP,520 Nm
BMW,X7,xDrive40i Pure Excellence LCI,"$131,900,000",$0,"$9,000,000","$122,900,000",liviano,suv,SÍ,3.0L MHEV,Híbrido,Automática,6,AWD,"10,3 km/l",-,381 HP,520 Nm
BMW,X7,xDrive40d M Sport LCI,"$117,900,000",$0,"$9,000,000","$108,900,000",liviano,suv,SÍ,3.0L MHEV,Diésel,Automática,6,AWD,"11,6 km/l",-,352 HP,720 Nm
BMW,X7,M60i xDrive LCI,"$154,900,000",$0,"$9,000,000","$145,900,000",liviano,suv,SÍ,4.4L MHEV,Híbrido,Automática,6,AWD,"8,2 km/l",-,530 HP,750 Nm
BMW,XM,XM,"$232,900,000",$0,"$9,000,000","$223,900,000",liviano,"deportivo, híbrido",SÍ,4.4L PHEV,Híbrido,Automática,6,AWD,"62,5 km/l",88 km,653 HP,800 Nm
BMW,Z4,M40i Roadster LCI,"$91,900,000",$0,"$5,500,000","$86,400,000",liviano,convertible,SÍ,3.0L Turbo,Gasolina,Automática,6,4x2,"13,2 km/l",-,387 HP,500 Nm
BMW Motorrad,C 400 GT,C 400 GT,"$14,090,000","$600,000",$0,"$13,490,000",moto,Urban Mobility,SÍ,350 cc,Gasolina,Automática,-,2x2,"8,6 l/100km",355 km,34 HP,35 Nm
BMW Motorrad,C 400 X,C 400 X,"$11,990,000","$500,000",$0,"$11,490,000",moto,Urban Mobility,SÍ,350 cc,Gasolina,Automática,-,2x2,"8,8 l/100km",355 km,34 HP,35 Nm
BMW Motorrad,CE 02,CE 02,"$12,490,000","$2,000,000",$0,"$10,490,000",moto,"Urban Mobility, Eléctrico",SÍ,Eléctrico,Eléctrico,Mecánica,-,2x2,"6,0 kWh/100km",90 km,15 HP,55 Nm
BMW Motorrad,CE 04,CE 04,"$16,290,000","$300,000",$0,"$15,990,000",moto,"Urban Mobility, Eléctrico",SÍ,Eléctrico,Eléctrico,Mecánica,-,2x2,"7,7 kWh/100 km",130 km,42 HP,62 Nm
BMW Motorrad,F 800 GS,F 800 GS,"$14,990,000","$1,500,000",$0,"$13,490,000",moto,Adventure,SÍ,895 cc,Gasolina,Mecánica,-,2x2,"4,3 l/100km",345 km ,87 HP,91 Nm
BMW Motorrad,F 900 GS,F 900 GS,"$17,990,000","$1,500,000",$0,"$16,490,000",moto,Adventure,SÍ,895 cc,Gasolina,Mecánica,-,2x2,"4,4 l/100km",330 km ,105 HP,93 Nm
BMW Motorrad,F 900 GS Adventure,F 900 GS Adventure,"$21,790,000","$1,500,000",$0,"$20,290,000",moto,Adventure,SÍ,895 cc,Gasolina,Mecánica,-,2x2,"4,4 l/100km",520 km,105 HP,93 Nm
BMW Motorrad,F 900 R,F 900 R,"$14,890,000","$1,500,000",$0,"$13,390,000",moto,Roadster,SÍ,895 cc,Gasolina,Mecánica,-,2x2,"4,2 l/100km",310 km,105 HP,92 Nm
BMW Motorrad,F 900 XR,F 900 XR,"$17,690,000","$1,500,000",$0,"$16,190,000",moto,Sport,SÍ,895 cc,Gasolina,Mecánica,-,2x2,"4,2 l/100km",365 km,105 HP,92 Nm
BMW Motorrad,G 310 GS,G 310 GS,"$6,790,000",$0,$0,"$6,790,000",moto,Adventure,SÍ,313 cc,Gasolina,Mecánica,-,2x2,"3,5 l/100km",330 km,34 HP,28 Nm
BMW Motorrad,G 310 R,G 310 R,"$5,790,000",$0,$0,"$5,790,000",moto,Roadster,SÍ,313 cc,Gasolina,Mecánica,-,2x2,"3,3 l/100km",315 km,34 HP,28 Nm
BMW Motorrad,K 1600 GT,K 1600 GT,"$34,890,000","$1,400,000",$0,"$33,490,000",moto,Tour,SÍ,1.649 cc,Gasolina,Mecánica,-,2x2,"5,9 l/100km",445 km,160 HP,180 Nm
BMW Motorrad,K 1600 GTL,K 1600 GTL,"$35,790,000","$1,400,000",$0,"$34,390,000",moto,Tour,SÍ,1.649 cc,Gasolina,Mecánica,-,2x2,"5,9 l/100km",445 km,160 HP,180 Nm
BMW Motorrad,M 1000 R,M 1000 R,"$29,190,000","$1,200,000",$0,"$27,990,000",moto,M,SÍ,999 cc,Gasolina,Mecánica,-,2x2,"6,4 l/100km",255 km,210 HP,113 Nm
BMW Motorrad,M 1000 RR,M 1000 RR,"$48,290,000",$0,$0,"$48,290,000",moto,M,SÍ,999 cc,Gasolina,Mecánica,-,2x2,"6,5 l/100km",250 km,218 HP,113 Nm
BMW Motorrad,M 1000 XR,M 1000 XR,"$40,590,000","$2,000,000",$0,"$38,590,000",moto,M,SÍ,999 cc,Gasolina,Mecánica,-,2x2,"6,5 l/100km",308,201 HP,113 Nm
BMW Motorrad,R 12,R 12,"$18,790,000","$1,000,000",$0,"$17,790,000",moto,Heritage,SÍ,1.170 cc,Gasolina,Mecánica,-,2x2,"5,1 l/100km",275 km,95 HP,110 Nm
BMW Motorrad,R 12 G/S,R 12 G/S,"$21,890,000","$1,000,000",$0,"$20,890,000",moto,Heritage,SÍ,1.170 cc,Gasolina,Mecánica,-,2x2,"5,1 l/100km",300 km,109 HP,115 Nm
BMW Motorrad,R 12 nineT,R 12 nineT,"$21,790,000","$1,000,000",$0,"$20,790,000",moto,Heritage,SÍ,1.170 cc,Gasolina,Mecánica,-,2x2,"5,1 l/100km",310 km,109 HP,115 Nm
BMW Motorrad,R 1300 GS,R 1300 GS,"$28,990,000","$1,000,000",$0,"$27,990,000",moto,Adventure,SÍ,1.300 cc,Gasolina,Mecánica,-,2x2,"4,8 l/100km",395 km,145 HP,149 Nm
BMW Motorrad,R 1300 GS Adventure,R 1300 GS Adventure,"$31,990,000",$0,$0,"$31,990,000",moto,Adventure,SÍ,1.300 cc,Gasolina,Mecánica,-,2x2,"4,9 l/100km",610 km,145 HP,149 Nm
BMW Motorrad,R 1300 RT,R 1300 RT,"$33,990,000","$1,000,000",$0,"$32,990,000",moto,Tour,SÍ,1.300 cc,Gasolina,Automática,-,2x2,"4,9 l/100km",490 km,145 HP,149 Nm
BMW Motorrad,S 1000 R,S 1000 R,"$23,990,000","$1,000,000",$0,"$22,990,000",moto,Roadster,SÍ,999 cc,Gasolina,Mecánica,-,2x2,"6,2 l/100km",265 km,170 HP,114 Nm
BMW Motorrad,S 1000 RR,S 1000 RR,"$29,690,000",$0,$0,"$29,690,000",moto,Sport,SÍ,999 cc,Gasolina,Mecánica,-,2x2,"6,4 l/100km",255 km,210 HP,113 Nm
BMW Motorrad,S 1000 XR,S 1000 XR,"$27,390,000","$1,100,000",$0,"$26,290,000",moto,Sport,SÍ,999 cc,Gasolina,Mecánica,-,2x2,"6,2 l/100km",322 km,170 HP,114 Nm
Cupra,Formentor,2.0 TSI 204hp 4Drive,"$36,990,000","$1,300,000","$2,200,000","$33,490,000",liviano,SUV,SÍ,2.0L,Gasolina,Automática,,AWD,"10,4 km/l",-,204 HP,320 Nm
Cupra,Formentor,VZ 2.0 TSI AT 4Drive,"$44,990,000","$800,000","$1,700,000","$42,490,000",liviano,SUV,SÍ,2.0L,Gasolina,Automática,,AWD,"9,5 km/l",-,333 HP,420 Nm
Cupra,Formentor,VZ 2.0 TSI AT 4Drive | Pintura Mate + Llantas Cobre,"$47,990,000","$800,000","$1,700,000","$45,490,000",liviano,SUV,SÍ,2.0L,Gasolina,Automática,,AWD,"9,5 km/l",-,333 HP,420 Nm
Cupra,Formentor,VZ Black Rebel 2.0 TSI AT 4Drive,"$47,990,000","$800,000","$1,700,000","$45,490,000",liviano,SUV,SÍ,2.0L,Gasolina,Automática,,AWD,"9,5 km/l",-,333 HP,420 Nm
Cupra,Formentor e-Hybrid,1.5 TSI e-Hybrid,"$40,990,000","$1,500,000","$4,000,000","$35,490,000",liviano,"SUV, Plug-in Hybrid",SÍ,1.5L PHEV,Híbrido,Automática,,4x2,-,860 km,204 HP,350 Nm
Cupra,León,1.5 TSI mHEV AT | Colores Cat A,"$31,490,000","$1,000,000","$2,500,000","$27,990,000",liviano,"Hatchback, Híbrido",SÍ,1.5L MHEV,Híbrido,Automática,,4x2,"14,5 km/l",-,150 HP,250 Nm
Cupra,León,1.5 TSI mHEV AT | Colores Cat B,"$31,490,000","$300,000","$2,500,000","$28,690,000",liviano,"Hatchback, Híbrido",SÍ,1.5L MHEV,Híbrido,Automática,,4x2,"14,5 km/l",-,150 HP,250 Nm
Cupra,León,VZ 2.0 TSI AT,"$40,490,000","$700,000","$1,900,000","$37,890,000",liviano,Hatchback,SÍ,2.0L,Gasolina,Automática,,4x2,"12,5 km/l",-,300 HP,400 Nm
Cupra,León,VZ 2.0 TSI AT | Pintura Mate + Llantas Cobre,"$43,490,000","$700,000","$1,900,000","$40,890,000",liviano,Hatchback,SÍ,2.0L,Gasolina,Automática,,4x2,"12,5 km/l",-,300 HP,400 Nm
Cupra,Tavascan,Adrenaline 82 kWh,"$50,990,000","$1,000,000","$2,000,000","$47,990,000",liviano,"SUV, Eléctrico",SÍ,Eléctrico,Eléctrico,Automática,,4x2,"16,8 kWh/100km",569 km,286 HP,545 Nm
Cupra,Tavascan,Extreme 82 kWh,"$53,990,000","$1,000,000","$2,000,000","$50,990,000",liviano,"SUV, Eléctrico",SÍ,Eléctrico,Eléctrico,Automática,,4x2,"17,2 kWh/100km",569 km,286 HP,545 Nm
Cupra,Tavascan,Extreme 82 kWh | Pintura Mate,"$55,490,000","$1,000,000","$2,000,000","$52,490,000",liviano,"SUV, Eléctrico",SÍ,Eléctrico,Eléctrico,Automática,,4x2,"17,2 kWh/100km",569 km,286 HP,545 Nm
Cupra,Terramar,1.5 TSI mHEV AT,"$39,990,000","$800,000","$1,800,000","$37,390,000",liviano,"SUV, Híbrido",SÍ,1.5L MHEV,Híbrido,Automática,,4x2,"14,2 km/l",1078 km,150 HP,250 Nm
Cupra,Terramar,High 1.5 TSI mHEV AT,"$43,990,000","$800,000","$1,300,000","$41,890,000",liviano,"SUV, Híbrido",SÍ,1.5L MHEV,Híbrido,Automática,,4x2,"14,2 km/l",1078 km,150 HP,250 Nm
Cupra,Terramar,High 1.5 TSI mHEV AT | Pintura Mate,"$45,490,000","$800,000","$1,300,000","$43,390,000",liviano,"SUV, Híbrido",SÍ,1.5L MHEV,Híbrido,Automática,,4x2,"14,2 km/l",1078 km,150 HP,250 Nm
Dongfeng,Aeolus GS Cross,GS,$13.990.000,-,-,$11.490.000,liviano,suv,SI,1.5L,Gasolina,Automática,2,4X2,-,-,123 HP,158 Nm
Dongfeng,Aeolus Y3,MT,$11.490.000,-,-,$9.990.000,liviano,sedán,SI,1.5L,Gasolina,Mecánica,2,4X2,-,-,123 HP,158 Nm
Dongfeng,Aeolus Y3,AT Comfort,$12.590.000,-,-,$11.390.000,liviano,sedán,SI,1.5L,Gasolina,Automática,2,4X2,-,-,123 HP,158 Nm
Dongfeng,Aeolus Y3,AT Luxury,$13.290.000,-,-,$11.890.000,liviano,sedán,SI,1.5L,Gasolina,Automática,2,4X2,-,-,123 HP,158 Nm
Dongfeng,HUGE,Aeolus E1,$18.990.000,-,-,$16.390.000,liviano,suv,SI,1.5L,Gasolina,Automática,-,4X2,-,-,195 HP,305 Nm
Dongfeng,HUGE,Aeolus E2,$19.990.000,-,-,$17.390.000,liviano,suv,SI,1.5L,Gasolina,Automática,-,4X2,-,-,195 HP,305 Nm
Dongfeng,MAGE,E1,$15.590.000,-,-,$13.990.000,liviano,suv,SI,1.5L,Gasolina,Automática,2,4X2,-,-,195 HP,305 Nm
Dongfeng,MAGE,E2,$16.990.000,-,-,$14.490.000,liviano,suv,SI,1.5L,Gasolina,Automática,4,4X2,-,-,195 HP,305 Nm
Dongfeng,MAGE,E2 Bicolor,$17.290.000,-,-,$14.490.000,liviano,suv,SI,1.5L,Gasolina,Automática,4,4X2,-,-,195 HP,305 Nm
Dongfeng,MAGE EV,-,$21.990.000,-,-,$19.990.000,liviano,"suv, eléctrico",SI,Eléctrico,Eléctrico,Automática,2,4X2,-,-,120 HP,280 Nm
Dongfeng,New SX6,1.6,$11.990.000,-,-,$10.890.000,liviano,suv,SI,1.6L,Gasolina,Mecánica,2,4X2,-,-,121 HP,151 Nm
Dongfeng,RICH 6 Euro VI,4x2,$14.290.000 + IVA,-,-,$13.490.000 + IVA,liviano,pick-up,NO,2.3L,Diesel,Mecánica,4,4X2,-,-,161 HP,380 Nm
Dongfeng,RICH 6 Euro VI,MT 4x4,$16.390.000 + IVA,-,-,$15.490.000 + IVA,liviano,pick-up,NO,2.3L,Diesel,Mecánica,4,4X4,-,-,161 HP,380 Nm
Dongfeng,RICH 6 Euro VI,AT 4x4,$17.990.000 + IVA,-,-,$17.490.000 + IVA,liviano,pick-up,NO,2.3L,Diesel,Automática,4,4X4,-,-,161 HP,380 Nm
Dongfeng,S50 EV,eve,$26.990.000,-,-,$15.990.000,liviano,"sedán, eléctrico",SI,Eléctrico,Eléctrico,Automática,2,4X2,-,-,120 HP,280 Nm
Dongfeng,T5,-,$13.290.000,-,-,$10.590.000,liviano,suv,SI,1.6l,Gasolina,Mecánica,2,4X2,-,-,120 HP,151 Nm
Dongfeng,T5 EVO,MT Luxury,$15.990.000,-,-,$13.390.000,liviano,suv,SI,1.5L,Gasolina,Mecánica,2,4X2,-,-,195 HP,275 Nm
Dongfeng,T5 EVO,Luxury,$19.990.000,-,-,$15.990.000,liviano,suv,SI,1.5L,Gasolina,Automática,2,4X2,-,-,195 HP,275 Nm
Dongfeng,T5 EVO,Noble,$21.690.000,-,-,$16.390.000,liviano,suv,SI,1.5L,Gasolina,Automática,6,4X2,-,-,195 HP,275 Nm
Dongfeng,T5 EVO HEV,-,$23.990.000,-,-,$19.390.000,liviano,"suv, híbrido",SI,Híbrido,Híbrido,Automática,-,-,-,-,-,-
Dongfeng,T5L,MT 1.5T,$14.990.000,-,-,$13.390.000,liviano,suv,SI,1.5L Turbo,Gasolina,Mecánica,2,4X2,-,-,190 HP,300 Nm
Dongfeng,T5L,MT 1.8T,$15.690.000,-,-,$13.790.000,liviano,suv,SI,1.8L Turbo,Gasolina,Mecánica,2,4X2,-,-,190 HP,300 Nm
Dongfeng,T5L,AT,$16.990.000,-,-,$15.990.000,liviano,suv,SI,1.5L Turbo,Gasolina,Automática,2,4X2,-,-,190 HP,300 Nm
Foton,FT CREW,Diesel,$26.990.000 + IVA,-,-,$26.490.000 + IVA,-,comercial,NO,2.8L,Diesel,Mecánica,-,4X2,-,-,147 HP,330 Nm
Foton,G7,Lite 4x2,$14.490.000 + IVA,-,-,$12.390.000 + IVA,-,pick-up,NO,2.0L,Diesel,Mecánica,-,4X2,-,-,160 HP,388 Nm
Foton,G7,Lite 4x4,$15.490.000 + IVA,-,-,$13.390.000 + IVA,-,pick-up,NO,2.0L,Diesel,Mecánica,-,4X4,-,-,160 HP,388 Nm
Foton,G7,Ultimate 4x4,$17.490.000 + IVA,-,-,$15.390.000 + IVA,-,pick-up,NO,2.0L,Diesel,Mecánica,-,4X4,-,-,160 HP,388 Nm
Foton,G7,Ultimate 4x4 AT,$19.590.000 + IVA,-,-,$17.890.000 + IVA,-,pick-up,NO,2.0L,Diesel,Automática,-,4X4,-,-,160 HP,388 Nm
Foton,G7 EV,-,$31.900.000 + IVA,-,-,$30.000.000 + IVA,-,"pick-up, eléctrico",NO,Eléctrico,-,Automática,-,-,-,-,-,-
Foton,G9,4x2 MT,$15.990.000 + IVA,-,-,$15.390.000 + IVA,-,pick-up,NO,2.0L,Diesel,Mecánica,-,4X2,-,-,160 HP,390 Nm
Foton,G9,4x4 MT,$17.490.000 + IVA,-,-,$16.390.000 + IVA,-,pick-up,NO,2.0L,Diesel,Mecánica,-,4X4,-,-,160 HP,390 Nm
Foton,G9,4x4 AT,$21.290.000 + IVA,-,-,$19.090.000 + IVA,-,pick-up,NO,2.0L,Diesel,Automática,-,4X4,-,-,160 HP,390 Nm
Foton,MIDI,Cabina Simple / 1.2,$7.990.000 + IVA,-,-,$6.290.000 + IVA,-,comercial,NO,1.2L,Gasolina,Mecánica,-,4X2,-,-,83 HP,113 Nm
Foton,MIDI,Cabina Doble / 1.2,$8.690.000 + IVA,-,-,$6.890.000 + IVA,-,comercial,NO,1.2L,Gasolina,Mecánica,-,4X2,-,-,83 HP,113 Nm
Foton,MIDI,Cargo Box,$9.790.000 + IVA,-,-,$8.690.000 + IVA,-,comercial,NO,1.2L,Gasolina,Mecánica,-,4X2,-,-,83 HP,113 Nm
Foton,MIDI,Refrigerado,$12.890.000 + IVA,-,-,$12.090.000 + IVA,-,comercial,NO,1.2L,Gasolina,Mecánica,-,4X2,-,-,83 HP,113 Nm
Foton,TM3,Cabina Simple 1.6,$9.690.000 + IVA,-,-,$8.390.000 + IVA,-,comercial,NO,1.6L,Gasolina,Mecánica,-,4X2,-,-,114 HP,152 Nm
Foton,TM3,Cabina Simple 1.6 / 2 Airbags,$9.990.000 + IVA,-,-,$9.390.000 + IVA,-,comercial,NO,1.6L,Gasolina,Mecánica,-,4X2,-,-,114 HP,152 Nm
Foton,TM3,Doble Cabina 1.6,$10.490.000 + IVA,-,-,$8.890.000 + IVA,-,comercial,NO,1.6L,Gasolina,Mecánica,-,4X2,-,-,114 HP,152 Nm
Foton,TM3,Doble Cabina 1.6 / 2 Airbags,$10.990.000 + IVA,-,-,$10.390.000 + IVA,-,comercial,NO,1.6L,Gasolina,Mecánica,-,4X2,-,-,114 HP,152 Nm
Foton,TM3,Mas Cargo Box,$10.980.000 + IVA,-,-,$10.280.000 + IVA,-,comercial,NO,1.6L,Gasolina,Mecánica,-,4X2,-,-,114 HP,152 Nm
Foton,TM3,Refrigerado,$13.990.000 + IVA,-,-,$13.490.000 + IVA,-,comercial,NO,1.6L,Gasolina,Mecánica,-,4X2,-,-,114 HP,152 Nm
Foton,TM5,Cabina Simple / 1.6,$10.790.000 + IVA,-,-,$10.490.000 + IVA,-,comercial,NO,1.6L,Gasolina,Mecánica,-,4X2,-,-,114 HP,152 Nm
Foton,TM5,Cabina Doble / 1.6,$11.290.000 + IVA,-,-,$10.990.000 + IVA,-,comercial,NO,1.6L,Gasolina,Mecánica,-,4X2,-,-,114 HP,152 Nm
Foton,TM5,Cargo Box,$12.290.000 + IVA,-,-,$11.690.000 + IVA,-,comercial,NO,1.6L,Gasolina,Mecánica,-,4X2,-,-,114 HP,152 Nm
Foton,V7,Luxury MT 4x4,$20.990.000 + IVA,-,-,$20.390.000 + IVA,-,"pick-up, híbrido",NO,Híbrido,Híbrido,Mecánica,-,4X4,-,-,160 HP ,415 Nm
Foton,V7,Elite AT 4x4,$22.990.000 + IVA,-,-,$21.390.000 + IVA,-,"pick-up, híbrido",NO,Híbrido,Híbrido,Automática,-,4X4,-,-,160 HP ,415 Nm
Foton,V7,Luxury AT 4x4,$27.990.000 + IVA,-,-,$25.990.000 + IVA,-,"pick-up, híbrido",NO,Híbrido,Híbrido,Automática,-,4X4,-,-,160 HP ,415 Nm
Foton,V9,Elite AT 4x4,$24.990.000 + IVA,-,-,$23.390.000 + IVA,-,"pick-up, híbrido",NO,Híbrido,Híbrido,Automática,-,4X4,-,-,160 HP ,415 Nm
Foton,V9,Ultimate AT 4x4,$29.990.000 + IVA,-,-,$27.490.000 + IVA,-,"pick-up, híbrido",NO,Híbrido,Híbrido,Automática,-,4X4,-,-,160 HP ,415 Nm
Foton,WONDER,Simple Chasis,$9.990.000 + IVA,-,-,$7.490.000 + IVA,-,comercial,NO,1.6L,Gasolina,Mecánica,-,4X2,-,-,111 HP,152 Nm
Foton,WONDER,Cabina Simple,$10.490.000 + IVA,-,-,$7.490.000 + IVA,-,comercial,NO,1.6L,Gasolina,Mecánica,-,4X2,-,-,111 HP,152 Nm
Foton,WONDER,Cabina Doble,$11.290.000 + IVA,-,-,$8.990.000 + IVA,-,comercial,NO,1.6L,Gasolina,Mecánica,-,4X2,-,-,111 HP,152 Nm
Foton,WONDER,Cargo Box,$12.290.000 + IVA,-,-,$10.490.000 + IVA,-,comercial,NO,1.6L,Gasolina,Mecánica,-,4X2,-,-,111 HP,152 Nm
Geely,CityRay,COMFORT,$17.890.000,-,$1.100.000,$16.790.000,liviano,suv,SÍ,1.5L Turbo,Gasolina,Automática,6,4x2,-,-,174 HP,290 Nm
Geely,CityRay,EXCLUSIVE,$19.490.000,-,$1.100.000,$18.390.000,liviano,suv,SÍ,1.5L Turbo,Gasolina,Automática,6,4x2,-,-,174 HP,290 Nm
Geely,CityRay,SIGNATURE,$20.890.000,-,$1.100.000,$19.790.000,liviano,suv,SÍ,1.5L Turbo,Gasolina,Automática,6,4x2,-,-,174 HP,290 Nm
Geely,Coolray,1.5TD AT EXCLUSIVE,$18.490.000,-,$2.500.000,$15.990.000,liviano,suv,SÍ,1.5L Turbo,Gasolina,Automática,6,4x2,"18,3 km/l",-,174 HP,290 Nm
Geely,Coolray,1.5TD AT SPORT,$19.990.000,-,$3.000.000,$16.990.000,liviano,suv,SÍ,1.5L Turbo,Gasolina,Automática,6,4x2,"18,3 km/l",-,174 HP,290 Nm
Geely,Coolray Lite,1.5 MT POP,$12.490.000,-,$1.500.000,$10.990.000,liviano,suv,SÍ,1.5L,Gasolina,Mecánica,2,4x2,-,-,121 HP,152 Nm
Geely,Coolray Lite,1.5 CVT PRIME,$13.490.000,-,$1.500.000,$11.990.000,liviano,suv,SÍ,1.5L,Gasolina,Automática,2,4x2,-,-,121 HP,152 Nm
Geely,Coolray Lite,1.5 MT POP +,$13.290.000,-,$1.500.000,$11.790.000,liviano,suv,SÍ,1.5L,Gasolina,Mecánica,6,4x2,-,-,121 HP,152 Nm
Geely,Coolray Lite,1.5 CVT PRIME +,$14.290.000,-,$1.500.000,$12.790.000,liviano,suv,SÍ,1.5L,Gasolina,Automática,6,4x2,-,-,121 HP,152 Nm
Geely,EX2,Pro,-,-,-,$16.990.000,liviano,eléctrico,SÍ,Eléctrico,Eléctrico,Automática,6,4x2,-,395 km,114 HP,150 Nm
Geely,EX5,Pro,$30.990.000,-,$3.000.000,$27.990.000,liviano,"suv, eléctrico",SÍ,Eléctrico,Eléctrico,Automática,6,4x2,-,595 km,214 HP,320 Nm
Geely,EX5,Max,$33.990.000,-,$3.000.000,$30.990.000,liviano,"suv, eléctrico",SÍ,Eléctrico,Eléctrico,Automática,6,4x2,-,595 km,214 HP,320 Nm
Geely,GX3 PRO,GC ACTIVE,$11.990.000,-,$1.300.000,$10.690.000,liviano,suv,SÍ,1.5L,Gasolina,Mecánica,-,4X2,16 km/l,-,102HP,140Nm
Geely,GX3 PRO,GF ELITE,$12.990.000,-,$1.300.000,$11.690.000,liviano,suv,SÍ,1.5L,Gasolina,Automática,-,4X2,16 km/l,-,102HP,140Nm
Geely,New Coolray,1.5TD COMFORT,$15.490.000,-,$1.000.000,$14.490.000,liviano,suv,SÍ,1.5L Turbo,Gasolina,Automática,6,4x2,"18,2 km/l",-,174 HP,290 Nm
Geely,New Coolray,1.5TD SPORT,$17.990.000,-,$1.000.000,$16.990.000,liviano,suv,SÍ,1.5L Turbo,Gasolina,Automática,6,4x2,"18,2 km/l",-,174 HP,290 Nm
Geely,Okavango,Exclusive GK 2.0 T 7DCT COLOR NEGRO,$24.690.000,$2.000.000,$2.000.000,$20.690.000,liviano,suv,SÍ,2.0L Turbo,Gasolina,Automática,6,4x2,"14,9 km/l",-,218 HP,235 Nm
Geely,Okavango,Exclusive GK 2.0 T 7DCT,$24.690.000,$1.000.000,$2.000.000,$21.690.000,liviano,suv,SÍ,2.0L Turbo,Gasolina,Automática,6,4x2,"14,9 km/l",-,218 HP,235 Nm
Geely,Okavango,Signature GF 2.0 T 7DCT,$26.690.000,$1.000.000,$2.000.000,$23.690.000,liviano,suv,SÍ,2.0L Turbo,Gasolina,Automática,6,4x2,"14,9 km/l",-,218 HP,235 Nm
Geely,Starray,Exclusive GK 2.0T 7DCT,$23.990.000,$2.000.000,$2.000.000,$19.990.000,liviano,suv,SÍ,2.0L Turbo,Gasolina,Automática,6,4x2,"15,7 km/l",-,218 HP,325 Nm
Geely,Starray,Signature GF 2.0T 7DCT,$25.690.000,$1.000.000,$2.000.000,$22.690.000,liviano,suv,SÍ,2.0L Turbo,Gasolina,Automática,6,4x2,"15,7 km/l",-,218 HP,325 Nm
Honda,Civic,TOURING CVT 1.5T,"$31,390,000",$0,"$1,400,000","$29,990,000",liviano,sedán,SÍ,1.5L Turbo,Gasolina,Automática,-,4x2,"15,6 km/l",-,176 HP,
Honda,New WR-V,EX 1.5 Aut.,"$23,990,000","$1,000,000","$1,000,000","$21,990,000",liviano,suv,SÍ,1.5L,Gasolina,Automática,6,4x2,-,-,119 HP,145 Nm
Honda,New WR-V,TOURING 1.5 Aut.,"$24,990,000","$1,000,000","$1,000,000","$22,990,000",liviano,suv,SÍ,1.5L,Gasolina,Automática,6,4x2,-,-,119 HP,145 Nm
Honda,New HR-V,TOURING 1.5 Aut. 4X2,"$26,990,000",$0,"$1,000,000","$25,990,000",liviano,suv,SÍ,1.5L,Gasolina,Automática,6,4x2,-,-,119 HP,145 Nm
Honda,CR-V,Touring 1.5 Turbo Aut. 4X4,"$42,990,000","$1,000,000","$2,000,000","$39,990,000",liviano,suv,SÍ,1.5L Turbo,Gasolina,Automática,10,AWD,"13,0 km/l",-,188 HP,240 Nm
Honda,CR-V Híbrido,ADVANCE HYBRID Aut. 4X4,"$49,990,000","$1,000,000","$2,000,000","$46,990,000",liviano,"suv, híbrido",SÍ,2.0L Híbrido,Híbrido,Automática,10,AWD,,"19,2 km/l",146 HP,183 Nm
Honda,ZR-V,EXL 2.0 Aut. 4X2,"$31,990,000","$1,000,000","$1,500,000","$29,490,000",liviano,suv,SÍ,2.0L,Gasolina,Automática,8,4x2,-,-,155 HP,185 Nm
Honda,ZR-V,TOURING 2.0 Aut. 4X2,"$33,490,000","$1,500,000","$1,500,000","$30,490,000",liviano,suv,SÍ,2.0L,Gasolina,Automática,8,4x2,-,-,155 HP,185 Nm
Honda,Pilot,TOURING 3.5 (10) Aut. 4X4,"$59,990,000","$2,000,000","$1,000,000","$56,990,000",liviano,suv,SÍ,3.5L,Gasolina,Automática,8,AWD,-,-,285 HP,-
Honda,Pilot,ELITE 3.5 (10) Aut. 4X4,"$61,990,000","$2,000,000","$1,000,000","$58,990,000",liviano,suv,SÍ,3.5L,Gasolina,Automática,8,AWD,-,-,285 HP,-
Jetour,Dashing,6MT 1.5L Turbo Special Edition FL,"$16,490,000","$2,000,000","$1,000,000","$13,490,000",liviano,SUV,SÍ,1.5L,Gasolina,Mecánica,,4x2,-,-,145 HP,-
Jetour,Dashing,1.5L 6MT Turbo Lux FL,"$17,490,000","$2,500,000","$1,000,000","$13,990,000",liviano,SUV,SÍ,1.5L,Gasolina,Mecánica,,4x2,-,-,145 HP,-
Jetour,Dashing,6DCT 1.5L Turbo Special Edition FL,"$18,490,000","$3,500,000","$1,000,000","$13,990,000",liviano,SUV,SÍ,1.5L,Gasolina,Automática,,4x2,-,-,145 HP,-
Jetour,Dashing,6DCT 1.5L Turbo Lux,"$19,490,000","$2,500,000","$1,000,000","$15,990,000",liviano,SUV,SÍ,1.5L,Gasolina,Automática,,4x2,-,-,145 HP,-
Jetour,Dashing,7DCT 1.6L Turbo GDI Limited,"$21,990,000","$2,500,000","$1,000,000","$18,490,000",liviano,SUV,SÍ,1.6L,Gasolina,Automática,,4x2,-,-,188 HP,-
Jetour,T1,1.5T 7DCT LUXURY,"$22,990,000","$2,500,000","$1,500,000","$18,990,000",liviano,SUV,SÍ,1.5L,Gasolina,Automática,,4x2,-,-,167 HP,-
Jetour,T1,1.5T 7DCT LUXURY MATE,"$23,490,000","$2,500,000","$1,500,000","$19,490,000",liviano,SUV,SÍ,1.5L,Gasolina,Automática,,4x2,-,-,167 HP,-
Jetour,T1,2.0T 8AT XWD LIMITED,"$26,990,000","$1,500,000","$1,500,000","$23,990,000",liviano,SUV,SÍ,2.0L,Gasolina,Automática,,AWD,-,-,241 HP,-
Jetour,T1,2.0T 8AT XWD LIMITED MATE,"$27,490,000","$1,500,000","$1,500,000","$24,490,000",liviano,SUV,SÍ,2.0L,Gasolina,Automática,,AWD,-,-,241 HP,-
Jetour,T1 PHEV,1.5T PHEV LIMITED,"$29,990,000","$1,000,000","$2,000,000","$26,990,000",liviano,"SUV, Híbrido",SÍ,1.5L PHEV,Híbrido,Automática,,4x2,-,1000 km,341 HP,-
Jetour,T1 PHEV,1.5T PHEV LIMITED MATE,"$30,490,000","$1,000,000","$2,000,000","$27,490,000",liviano,"SUV, Híbrido",SÍ,1.5L PHEV,Híbrido,Automática,,4x2,-,1000 km,341 HP,-
Jetour,T2,2.0T GDI AWD 7DCT LIMITED,"$29,990,000","$1,500,000","$1,500,000","$26,990,000",liviano,SUV,SÍ,2.0L,Gasolina,Automática,,AWD,-,-,241 HP,-
Jetour,T2,2.0T GDI AWD 7DCT LIMITED MATE,"$30,490,000","$1,500,000","$1,500,000","$27,490,000",liviano,SUV,SÍ,2.0L,Gasolina,Automática,,AWD,-,-,241 HP,-
Jetour,T2 PHEV,1.5T PHEV LIMITED,"$36,990,000",$0,"$2,000,000","$34,990,000",liviano,"SUV, Híbrido",SÍ,1.5L PHEV,Híbrido,Automática,,4x2,-,1000 km,375 HP,-
Jetour,T2 PHEV,1.5T PHEV LIMITED MATE,"$37,490,000",$0,"$2,000,000","$35,490,000",liviano,"SUV, Híbrido",SÍ,1.5L PHEV,Híbrido,Automática,,4x2,-,1000 km,375 HP,-
Jetour,X50,1.5L MT LUX,"$12,490,000","$1,000,000","$1,500,000","$9,990,000",liviano,SUV,SÍ,1.5L,Gasolina,Mecánica,,4x2,-,-,114 HP,-
Jetour,X50,1.5T 6DCT TURBO LUX,"$15,490,000","$2,000,000","$1,000,000","$12,490,000",liviano,SUV,SÍ,1.5L,Gasolina,Automática,,4x2,-,-,145 HP,-
Jetour,X70,1.5T 6MT TURBO FL,"$17,490,000","$4,000,000","$1,000,000","$12,490,000",liviano,SUV,SÍ,1.5L,Gasolina,Mecánica,,4x2,-,-,145 HP,-
Jetour,X70,1.5T 6DCT TURBO FL,"$19,490,000","$4,500,000","$1,000,000","$13,990,000",liviano,SUV,SÍ,1.5L,Gasolina,Automática,,4x2,-,-,145 HP,-
Jetour,X70 PLUS,1.5T 6DCT FL,"$20,990,000","$3,000,000","$1,000,000","$16,990,000",liviano,SUV,SÍ,1.5L,Gasolina,Automática,,4x2,-,-,145 HP,-
Jetour,X70 PLUS,1.6T GDI 7DCT LUX FL,"$22,490,000","$3,500,000","$1,000,000","$17,990,000",liviano,SUV,SÍ,1.6L,Gasolina,Automática,,4x2,-,-,188 HP,-
Jetour,X90 Plus,2.0T GDI 7DCT,"$27,490,000","$3,000,000","$1,500,000","$22,990,000",liviano,SUV,SÍ,2.0L,Gasolina,Automática,,4x2,-,-,241 HP,-
Kaiyi,KYE5,1.5T MT LUX,"$14,990,000","$5,000,000","$1,000,000","$8,990,000",liviano,Sedán,SÍ,1.5L,Gasolina,Mecánica,,4x2,"16,6 km/l",-,145 HP,230 Nm
Kaiyi,KYE5,1.5T CVT LUX,"$15,690,000","$4,700,000","$1,000,000","$9,990,000",liviano,Sedán,SÍ,1.5L,Gasolina,Automática,,4x2,"15,4 km/l",-,145 HP,230 Nm
Kaiyi,KYX3,1.5L MT STD,"$12,990,000","$3,000,000","$1,000,000","$8,990,000",liviano,SUV,SÍ,1.5L,Gasolina,Mecánica,,4x2,"16,7 km/l",-,111 HP,143 Nm
Kaiyi,KYX3,1.5L MT LUX,"$13,990,000","$3,000,000","$1,000,000","$9,990,000",liviano,SUV,SÍ,1.5L,Gasolina,Mecánica,,4x2,"16,7 km/l",-,111 HP,143 Nm
Kaiyi,KYX3,1.5L CVT LUX,"$14,990,000","$3,700,000","$1,000,000","$10,290,000",liviano,SUV,SÍ,1.5L,Gasolina,Automática,,4x2,"16,7 km/l",-,111 HP,143 Nm
Kaiyi,KYX3 Pro,1.5L Turbo CVT,"$15,990,000","$3,500,000","$1,000,000","$11,490,000",liviano,SUV,SÍ,1.5L,Gasolina,Automática,,4x2,"15,2 km/l",-,145 HP,230 Nm
Kaiyi,KYX7,1.6T 7DCT STD,"$19,990,000","$3,500,000","$1,500,000","$14,990,000",liviano,SUV,SÍ,1.6L,Gasolina,Automática,,4x2,"15,7 km/l",-,183 HP,275 Nm
Kaiyi,KYX7,1.6T 7DCT LUX,"$20,990,000","$3,500,000","$1,500,000","$15,990,000",liviano,SUV,SÍ,1.6L,Gasolina,Automática,,4x2,"15,7 km/l",-,183 HP,275 Nm
Kaiyi,KYX7,2.0T 7DCT LUX,"$22,990,000","$4,500,000","$1,500,000","$16,990,000",liviano,SUV,SÍ,2.0L,Gasolina,Automática,,4x2,"14,5 km/l",-,234 HP,375 Nm
Karry,Q22 Cabina Doble,1.3L E6,"$8,690,000","$400,000","$600,000","$7,690,000",liviano,"Pick-Up, Trabajo",NO,1.3L,Gasolina,Mecánica,4,4x2,"15,1 km/l",-,80 HP,108 Nm
Karry,Q22 Cabina Doble,1.5L E6,"$9,990,000",$0,"$600,000","$9,390,000",liviano,"Pick-Up, Trabajo",NO,1.5L,Gasolina,Mecánica,4,4x2,"15,4 km/l",-,114 HP,150 Nm
Karry,Q22 Cabina Simple,1.3L E6,"$7,990,000","$400,000","$600,000","$6,990,000",liviano,"Pick-Up, Trabajo",NO,1.3L,Gasolina,Mecánica,2,4x2,"15,1 km/l",-,80 HP,108 Nm
Karry,Q22 Cabina Simple,1.5L E6,"$9,090,000",$0,"$600,000","$8,490,000",liviano,"Pick-Up, Trabajo",NO,1.5L,Gasolina,Mecánica,2,4x2,"15,4 km/l",-,114 HP,150 Nm
Karry,Q51 Cabina Simple,1.6L,"$10,390,000",$0,"$600,000","$9,790,000",liviano,"Pick-Up, Trabajo",NO,1.6L,Gasolina,Mecánica,2,4x2,"18,9 km/l",-,114 HP,158 Nm
Karry,Q51 Cabina Simple,Doble Rodado 1.6L,"$10,990,000",$0,"$600,000","$10,390,000",liviano,"Pick-Up, Trabajo",NO,1.6L,Gasolina,Mecánica,2,4x2,"18,9 km/l",-,114 HP,158 Nm
Karry,Q51 Cabina Simple,Cargo Box 1.6L,"$11,690,000",$0,"$600,000","$11,090,000",liviano,"Furgón, Trabajo",NO,1.6L,Gasolina,Mecánica,2,4x2,"18,9 km/l",-,114 HP,158 Nm
Karry,Q51 Cabina Simple,Cargo Box - Doble Rodado 1.6L,"$12,490,000",$0,"$600,000","$11,890,000",liviano,"Furgón, Trabajo",NO,1.6L,Gasolina,Mecánica,2,4x2,"18,9 km/l",-,114 HP,158 Nm
Karry,Q52 Cabina Doble,Rodado simple 1.6L,"$11,390,000",$0,"$600,000","$10,790,000",liviano,"Pick-Up, Trabajo",NO,1.6L,Gasolina,Mecánica,4,4x2,"18,2 km/l",-,114 HP,158 Nm
Karry,Q52 Cabina Doble,Doble Rodado 1.6L,"$11,990,000",$0,"$600,000","$11,390,000",liviano,"Pick-Up, Trabajo",NO,1.6L,Gasolina,Mecánica,4,4x2,"18,2 km/l",-,114 HP,158 Nm
Maxus,ALL NEW T90,4X4 GL 8AT E6,"$30,990,000","$4,000,000","$1,000,000","$25,990,000",liviano,Pick-Up,NO,2.5L,Diésel,Automática,4,4x4,-,-,221 HP,520 Nm
Maxus,ALL NEW T90,4X4 GLX 8AT E6,"$33,990,000","$1,000,000","$1,000,000","$31,990,000",liviano,Pick-Up,NO,2.5L,Diésel,Automática,4,4x4,-,-,221 HP,520 Nm
Maxus,ALL NEW T90 EV,GL,"$53,990,000","$500,000","$500,000","$52,990,000",liviano,"Pick-Up, Eléctrico",NO,Eléctrico,Eléctrico,Automática,4,4x4,-,430 km,174 HP,310 Nm
Maxus,ALL NEW T90 EV,GLX,"$57,990,000","$500,000","$500,000","$56,990,000",liviano,"Pick-Up, Eléctrico",NO,Eléctrico,Eléctrico,Automática,4,4x4,-,430 km,174 HP,310 Nm
Maxus,C35,E6,"$18,990,000","$3,400,000","$600,000","$14,990,000",liviano,Furgón,NO,2.0L,Diésel,Mecánica,,4x2,-,-,129 HP,350 Nm
Maxus,C35,C/PLANA E6,"$19,990,000","$3,400,000","$600,000","$15,990,000",liviano,Furgón,NO,2.0L,Diésel,Mecánica,,4x2,-,-,129 HP,350 Nm
Maxus,C35,L E6,"$19,990,000","$3,400,000","$600,000","$15,990,000",liviano,Furgón,NO,2.0L,Diésel,Mecánica,,4x2,"11,4 km/l",-,129 HP,350 Nm
Maxus,C35,L C/PLANA E6,"$20,990,000","$3,400,000","$600,000","$16,990,000",liviano,Furgón,NO,2.0L,Diésel,Mecánica,,4x2,-,-,129 HP,350 Nm
Maxus,C35,DC C/PLANA E6,"$21,990,000","$4,400,000","$600,000","$16,990,000",liviano,Furgón,NO,2.0L,Diésel,Mecánica,,4x2,-,-,129 HP,350 Nm
Maxus,D60,4X2 ELITE 7DCT,"$20,990,000","$4,000,000","$2,000,000","$14,990,000",liviano,SUV,SÍ,1.5L,Gasolina,Automática,,4x2,-,-,180 HP,285 Nm
Maxus,D60,4X2 LUXURY 7DCT,"$22,990,000","$3,000,000","$2,000,000","$17,990,000",liviano,SUV,SÍ,1.5L,Gasolina,Automática,,4x2,-,-,180 HP,285 Nm
Maxus,D90,4X4 ELITE 8AT,"$36,490,000","$9,000,000","$1,000,000","$26,490,000",liviano,"SUV, Híbrido",SÍ,2.0L Híbrido,Híbrido,Automática,,4x4,-,-,215 HP,500 Nm
Maxus,D90,4X4 LUXURY 8AT,"$39,490,000","$8,500,000","$1,000,000","$29,990,000",liviano,"SUV, Híbrido",SÍ,2.0L Híbrido,Híbrido,Automática,,4x4,-,-,215 HP,500 Nm
Maxus,D90,4X4 FLAGSHIP 8AT,"$41,490,000","$5,000,000","$1,000,000","$35,490,000",liviano,"SUV, Híbrido",SÍ,2.0L Híbrido,Híbrido,Automática,,4x4,-,-,215 HP,500 Nm
Maxus,Deliver 9 Cargo,L2H2,"$24,690,000","$1,600,000","$600,000","$22,490,000",liviano,Furgón,NO,2.0L,Diésel,Mecánica,,4x2,"9,2 km/l",-,163 HP,375 Nm
Maxus,Deliver 9 Cargo,L3H2,"$25,490,000",$0,"$600,000","$24,890,000",liviano,Furgón,NO,2.0L,Diésel,Mecánica,,4x2,"9,2 km/l",-,163 HP,375 Nm
Maxus,Deliver 9 Cargo,L3H3,"$25,990,000",$0,"$600,000","$25,390,000",liviano,Furgón,NO,2.0L,Diésel,Mecánica,,4x2,-,-,163 HP,375 Nm
Maxus,Deliver 9 Cargo,L3H3 RWD GLX,"$31,990,000",$0,"$600,000","$31,390,000",liviano,Furgón,NO,2.0L,Diésel,Mecánica,,4x2,"9,2 km/l",-,163 HP,375 Nm
Maxus,Deliver 9 Escolar,ESCOLAR 26+1 (color blanco),"$35,990,000",$0,"$600,000","$35,390,000",liviano,"Minibús, Escolares",NO,2.0L,Diésel,Mecánica,,4x2,-,-,148 HP,375 Nm
Maxus,Deliver 9 Pasajeros,MINIBUS 15+1 L3H2 E6,"$34,990,000",$0,"$600,000","$34,390,000",liviano,Minibús,NO,2.0L,Diésel,Mecánica,,4x2,-,-,148 HP,375 Nm
Maxus,Deliver 9 Pasajeros,MINIBUS 15+1 L3H2 8AT E6,"$37,090,000",$0,"$600,000","$36,490,000",liviano,Minibús,NO,2.0L,Diésel,Automática,,4x2,-,-,148 HP,375 Nm
Maxus,eDeliver 9 Cargo,L2H2,"$34,990,000",$0,$0,"$34,990,000",liviano,"Furgón, Eléctrico",NO,Eléctrico,Eléctrico,Automática,,4x2,-,180 km,200 HP,310 Nm
Maxus,eDeliver 9 Cargo,L3H2,"$41,990,000",$0,$0,"$41,990,000",liviano,"Furgón, Eléctrico",NO,Eléctrico,Eléctrico,Automática,,4x2,-,248 km,200 HP,310 Nm
Maxus,EUNIQ 5,Euniq 5,"$27,251,000",$0,$0,"$27,251,000",liviano,"SUV, Eléctrico",SÍ,Eléctrico,Eléctrico,Automática,,4x2,"3,9 km/kWh",437 km,174 HP,310 Nm
Maxus,G10 Cargo,CARGO MT E6,"$20,990,000","$400,000","$600,000","$19,990,000",liviano,Furgón,NO,2.0L,Diésel,Mecánica,5,4x2,"8,9 km/l",-,160 HP,390 Nm
Maxus,G10 Minibús,MINIBUS 9+1 MT E6,"$25,390,000","$1,800,000","$600,000","$22,990,000",liviano,Minibús,NO,2.0L,Diésel,Mecánica,5,4x2,"12,7 km/l",-,163 HP,375 Nm
Maxus,G10 Minibús,MINIBUS 6+1 MT E6,"$25,390,000",$0,"$600,000","$24,790,000",liviano,Minibús,NO,2.0L,Diésel,Mecánica,5,4x2,"12,7 km/l",-,163 HP,375 Nm
Maxus,G90 Minibús,MINIBUS ELITE 6+1 AT,"$28,990,000","$2,400,000","$600,000","$25,990,000",liviano,Minibús,NO,2.0L,Diésel,Automática,5,4x2,"13,3 km/l",-,159 HP,390 Nm
Maxus,G90 Minibús,MINIBUS LUXURY 6+1 AT,"$35,990,000","$1,000,000","$500,000","$34,490,000",liviano,Minibús,NO,2.0L,Diésel,Automática,5,4x2,"13,3 km/l",-,159 HP,390 Nm
Maxus,MIFA 9,MIFA 9,"$54,590,000",$0,$0,"$54,590,000",liviano,"Minibús, Eléctrico",SÍ,Eléctrico,Eléctrico,Automática,5,4x2,-,580 km,242 HP,350 Nm
Maxus,T60 DX,4X2 DX MT E6 GASOLINA,"$14,990,000","$2,000,000","$1,000,000","$11,990,000",liviano,Pick-Up,NO,2.4L,Gasolina,Mecánica,,4x2,-,-,158 HP,225 Nm
Maxus,T60 DX,SC 4X2 DX PLUS 6MT E6,"$19,690,000","$2,700,000","$1,000,000","$15,990,000",liviano,Pick-Up,NO,2.0L,Diésel,Mecánica,2,4x2,-,-,163 HP,400 Nm
Maxus,T60 DX,4X2 DX MT E6,"$19,990,000","$5,000,000","$1,000,000","$13,990,000",liviano,Pick-Up,NO,2.0L,Diésel,Mecánica,4,4x2,-,-,163 HP,400 Nm
Maxus,T60 DX,4X2 DX PLUS 6MT E6,"$19,990,000","$3,000,000","$1,000,000","$15,990,000",liviano,Pick-Up,NO,2.0L,Diésel,Mecánica,4,4x2,-,-,163 HP,400 Nm
Maxus,T60 DX,SC 4X4 DX PLUS 6MT E6,"$20,590,000","$1,600,000","$1,000,000","$17,990,000",liviano,Pick-Up,NO,2.0L,Diésel,Mecánica,2,4x4,-,-,163 HP,400 Nm
Maxus,T60 DX,4X4 DX MT E6,"$21,490,000","$3,200,000","$1,000,000","$17,290,000",liviano,Pick-Up,NO,2.0L,Diésel,Mecánica,4,4x4,-,-,163 HP,400 Nm
Maxus,T60 DX,4X4 DX PLUS 6MT E6,"$21,490,000","$2,600,000","$1,000,000","$17,890,000",liviano,Pick-Up,NO,2.0L,Diésel,Mecánica,4,4x4,-,-,163 HP,400 Nm
Maxus,T60 DX,4X4 ANCAP MT E6,"$24,190,000","$3,200,000","$1,000,000","$19,990,000",liviano,Pick-Up,NO,2.0L,Diésel,Mecánica,4,4x4,-,-,163 HP,400 Nm
Maxus,T60 GL-GLX,4X2 GL MT E6,"$20,990,000","$3,000,000","$1,000,000","$16,990,000",liviano,Pick-Up,NO,2.0L,Diésel,Mecánica,4,4x2,-,-,163 HP,400 Nm
Maxus,T60 GL-GLX,4X2 GL 6MT E6 4AB,"$20,990,000","$3,000,000","$1,000,000","$16,990,000",liviano,Pick-Up,NO,2.0L,Diésel,Mecánica,4,4x2,-,-,163 HP,400 Nm
Maxus,T60 GL-GLX,4X2 GL AT E6,"$21,590,000","$2,600,000","$1,000,000","$17,990,000",liviano,Pick-Up,NO,2.0L,Diésel,Automática,4,4x2,-,-,163 HP,400 Nm
Maxus,T60 GL-GLX,4X2 GL 8AT E6 4AB,"$21,590,000","$1,600,000","$1,000,000","$18,990,000",liviano,Pick-Up,NO,2.0L,Diésel,Automática,4,4x2,-,-,163 HP,400 Nm
Maxus,T60 GL-GLX,4X4 GL MT E6,"$22,590,000","$3,100,000","$1,000,000","$18,490,000",liviano,Pick-Up,NO,2.0L,Diésel,Mecánica,4,4x4,-,-,163 HP,400 Nm
Maxus,T60 GL-GLX,4X4 GL 6MT E6 4AB,"$22,590,000","$2,600,000","$1,000,000","$18,990,000",liviano,Pick-Up,NO,2.0L,Diésel,Mecánica,4,4x4,-,-,163 HP,400 Nm
Maxus,T60 GL-GLX,4X4 GLX AT E6,"$26,690,000","$4,200,000","$1,000,000","$21,490,000",liviano,Pick-Up,NO,2.0L,Diésel,Automática,4,4x4,-,-,163 HP,400 Nm
Maxus,T60 MAX,4X4 GL 8AT E6,"$24,990,000","$3,400,000","$1,000,000","$20,590,000",liviano,Pick-Up,NO,2.0L,Diésel,Automática,4,4x4,-,-,163 HP,400 Nm
Maxus,T60 MAX,4X4 GLX 8AT E6,"$26,990,000","$3,000,000","$1,000,000","$22,990,000",liviano,Pick-Up,NO,2.0L,Diésel,Automática,4,4x4,-,-,163 HP,400 Nm
Maxus,T90,4X4 AT E6,"$29,690,000","$5,700,000","$1,000,000","$22,990,000",liviano,Pick-Up,NO,2.0L,Diésel,Automática,4,4x4,"9,1 km/l",-,215 HP,500 Nm
Maxus,T90,ADVENTURE 4X4 AT E6,"$34,990,000","$4,000,000","$1,000,000","$29,990,000",liviano,Pick-Up,NO,2.0L,Diésel,Automática,4,4x4,"9,1 km/l",-,215 HP,500 Nm
Maxus,T90 EV,4X2 AT,"$27,990,000",$0,$0,"$27,990,000",liviano,"Pick-Up, Eléctrico",NO,Eléctrico,Eléctrico,Automática,4,4x2,-,471 km,174 HP,310 Nm
MG,CYBERSTER,77 KHw,$59.990.000,$0,$0,$59.990.000,liviano,"deportivo, eléctrico",SÍ,Eléctrico,Eléctrico,Automática,6,4x2,-,490 km,446 HP,-
MG,CYBERSTER,77 KHw AWD,$67.990.000,$0,$0,$67.990.000,liviano,"deportivo, eléctrico",SÍ,Eléctrico,Eléctrico,Automática,8,AWD,-,446 km,535 HP,725 Nm
MG,MARVEL R,DLX,$40.990.000,$10.000.000,$1.000.000,$29.990.000,liviano,"suv, eléctrico",SÍ,Eléctrico,Eléctrico,Automática,6,4x2,-,402 km,177 HP,410 Nm
MG,MG 3,1.5L MT COM,$12.090.000,"$600,000","$500,000",$10.990.000,liviano,hatchback,SÍ,1.5L,Gasolina,Mecánica,6,4x2,"18,8 km/l",-,108 HP,142 Nm
MG,MG 3,1.5L CVT COM,$13.290.000,$0,"$500,000",$12.790.000,liviano,hatchback,SÍ,1.5L,Gasolina,Automática,6,4x2,"18,8 km/l",-,108 HP,142 Nm
MG,MG 3,1.5L CVT DLX,$14.290.000,$0,"$500,000",$13.790.000,liviano,hatchback,SÍ,1.5L,Gasolina,Automática,6,4x2,"18,8 km/l",-,108 HP,142 Nm
MG,MG 3 Hybrid+,1.5L HEV COM,$16.990.000,"$800,000",$1.200.000,$14.990.000,liviano,"hatchback, híbrido",SÍ,1.5L Híbrido,Híbrido,Automática,6,4x2,"43,5 km/l",-,191 HP,425 Nm
MG,MG 4 EV,51KWh STD,$26.990.000,$4.000.000,$1.000.000,$21.990.000,liviano,"hatchback, eléctrico",SÍ,Eléctrico,Eléctrico,Automática,6,4x2,-,350 km,167 HP,-
MG,MG 4 EV,64KWh DLX,$29.990.000,$1.000.000,$1.000.000,$27.990.000,liviano,"hatchback, eléctrico",SÍ,Eléctrico,Eléctrico,Automática,6,4x2,-,435 km,201 HP,-
MG,MG 4 EV,77KWh DLX,$31.990.000,$1.000.000,$1.000.000,$29.990.000,liviano,"hatchback, eléctrico",SÍ,Eléctrico,Eléctrico,Automática,6,4x2,-,520 km,241 HP,350 Nm
MG,MG 4 XPOWER,64KWh DLX 4WD XPOWER,$34.990.000,$1.000.000,$1.000.000,$32.990.000,liviano,"hatchback, eléctrico",SÍ,Eléctrico,Eléctrico,Automática,6,AWD,-,385 km,402 HP,600 Nm
MG,MG 5,1.5L MT STD,$12.290.000,$2.000.000,"$500,000",$9.790.000,liviano,sedán,SÍ,1.5L,Gasolina,Mecánica,4,4x2,"18,1 km/l",-,114 HP,142 Nm
MG,MG 5,1.5L MT COM,$12.990.000,$2.000.000,"$500,000",$10.490.000,liviano,sedán,SÍ,1.5L,Gasolina,Mecánica,4,4x2,"18,1 km/l",-,114 HP,142 Nm
MG,MG 5,1.5L CVT COM,$13.990.000,$2.000.000,"$500,000",$11.490.000,liviano,sedán,SÍ,1.5L,Gasolina,Automática,4,4x2,"18,1 km/l",-,114 HP,142 Nm
MG,MG 5,1.5L CVT DLX,$14.990.000,$2.000.000,"$500,000",$12.490.000,liviano,sedán,SÍ,1.5L,Gasolina,Automática,6,4x2,"18,1 km/l",-,114 HP,142 Nm
MG,MG GT,1.5L MT COM,$14.790.000,$3.800.000,"$500,000",$10.490.000,liviano,sedán,SÍ,1.5L,Gasolina,Mecánica,4,4x2,"20,4 km/l",-,112 HP,150 Nm
MG,MG GT,1.5L CVT COM,$16.490.000,$3.800.000,"$500,000",$12.190.000,liviano,sedán,SÍ,1.5L,Gasolina,Automática,4,4x2,"20,4 km/l",-,112 HP,150 Nm
MG,MG GT,1.5T DCT DLX,$19.290.000,$4.100.000,"$500,000",$14.690.000,liviano,sedán,SÍ,1.5L Turbo,Gasolina,Automática,6,4x2,"20,4 km/l",-,160 HP,150 Nm
MG,MG HS,1.5T DCT DLX,$19.990.000,$4.500.000,"$700,000",$14.790.000,liviano,suv,SÍ,1.5L Turbo,Gasolina,Automática,4,4x2,"14,8 km/l",-,168 HP,250 Nm
MG,MG HS,1.5T DCT TROPHY,$21.490.000,$4.500.000,"$700,000",$16.290.000,liviano,suv,SÍ,1.5L Turbo,Gasolina,Automática,6,4x2,"14,8 km/l",-,168 HP,250 Nm
MG,MG ONE,1.5T CVT COM Euro 6B,$17.990.000,$2.500.000,"$700,000",$14.790.000,liviano,suv,SÍ,1.5L Turbo,Gasolina,Automática,4,4x2,"16,5 km/l",-,168 HP,275 Nm
MG,MG ONE,1.5T CVT DLX Euro 6B,$19.790.000,$2.500.000,"$700,000",$16.590.000,liviano,suv,SÍ,1.5L Turbo,Gasolina,Automática,6,4x2,"16,5 km/l",-,168 HP,275 Nm
MG,MG ONE,1.5T CVT COM Euro 6C,$17.990.000,$1.000.000,$2.000.000,$14.990.000,liviano,suv,SÍ,1.5L Turbo,Gasolina,Automática,4,4x2,"16,5 km/l",-,168 HP,275 Nm
MG,MG ONE,1.5T CVT DLX Euro 6C,$19.790.000,$1.000.000,$2.800.000,$15.990.000,liviano,suv,SÍ,1.5L Turbo,Gasolina,Automática,6,4x2,"16,5 km/l",-,168 HP,275 Nm
MG,MG RX5,1.5T DCT COM,$18.490.000,$1.000.000,"$700,000",$16.790.000,liviano,suv,SÍ,1.5L Turbo,Gasolina,Automática,2,4x2,"15,9 km/l",-,168 HP,-
MG,MG RX5,1.5T DCT DLX,$19.990.000,$1.000.000,"$700,000",$18.290.000,liviano,suv,SÍ,1.5L Turbo,Gasolina,Automática,6,4x2,"15,9 km/l",-,168 HP,-
MG,MG ZS,1.5L MT STD,$15.890.000,$1.000.000,$3.000.000,$11.890.000,liviano,suv,SÍ,1.5L,Gasolina,Mecánica,2,4x2,"17,6 km/l",-,114 HP,-
MG,MG ZS,1.5L MT COM,$16.890.000,$1.000.000,$3.000.000,$12.890.000,liviano,suv,SÍ,1.5L,Gasolina,Mecánica,6,4x2,"17,6 km/l",-,114 HP,-
MG,MG ZS,1.5L CVT STD,$16.490.000,$1.000.000,$3.000.000,$12.490.000,liviano,suv,SÍ,1.5L,Gasolina,Automática,2,4x2,"17,6 km/l",-,114 HP,-
MG,MG ZS,1.5L CVT COM,$17.790.000,$1.000.000,$3.000.000,$13.790.000,liviano,suv,SÍ,1.5L,Gasolina,Automática,6,4x2,"17,6 km/l",-,114 HP,-
MG,MG ZS,1.5T CVT DLX,$20.490.000,$1.000.000,$3.000.000,$16.490.000,liviano,suv,SÍ,1.5L Turbo,Gasolina,Automática,6,4x2,"17,6 km/l",-,168 HP,275 Nm
MG,MG ZS EV,DLX 72KHw,$33.990.000,$6.000.000,$1.000.000,$26.990.000,liviano,"suv, eléctrico",SÍ,Eléctrico,Eléctrico,Automática,6,4x2,-,440 km,154 HP,280 Nm
MG,MG ZS Hybrid+,1.5L HEV COM,$20.990.000,$1.000.000,$2.000.000,$17.990.000,liviano,"suv, híbrido",SÍ,1.5L Híbrido,Híbrido,Automática,6,4x2,"43,5 km/l",-,191 HP,465 Nm
MG,MG ZX,1.5L CVT COM Euro 6B,$14.990.000,$2.800.000,"$700,000",$11.490.000,liviano,suv,SÍ,1.5L,Gasolina,Automática,4,4x2,"18,1 km/l",-,112 HP,150 Nm
MG,MG ZX,1.5L 8-CVT DLX Euro 6B,$16.090.000,$2.900.000,"$700,000",$12.490.000,liviano,suv,SÍ,1.5L,Gasolina,Automática,4,4x2,"18,1 km/l",-,112 HP,150 Nm
MG,MG ZX,1.5L MT COM Euro 6C,$14.290.000,$3.000.000,$2.300.000,$8.990.000,liviano,suv,SÍ,1.5L,Gasolina,Mecánica,2,4x2,"18,1 km/l",-,112 HP,150 Nm
MG,MG ZX,1.5L MT DLX Euro 6C,$14.990.000,$3.400.000,$1.600.000,$9.990.000,liviano,suv,SÍ,1.5L,Gasolina,Mecánica,4,4x2,"18,1 km/l",-,112 HP,150 Nm
MG,MG ZX,1.5L CVT COM Euro 6C,$14.990.000,"$800,000",$1.700.000,$12.490.000,liviano,suv,SÍ,1.5L,Gasolina,Automática,4,4x2,"18,1 km/l",-,112 HP,150 Nm
MINI,Aceman,E CLASSIC,"$36,990,000",$0,"$7,000,000","$29,990,000",liviano,"Aceman, Eléctrico",SÍ,Eléctrico,Eléctrico,Automática,,4x2,"14,1 kWh/100km",300 km,-,290 Nm
MINI,Aceman,SE FAVOURED,"$41,990,000",$0,"$5,000,000","$36,990,000",liviano,"Aceman, Eléctrico",SÍ,Eléctrico,Eléctrico,Automática,,4x2,"14,0 kWh/100km",400 km,-,330 Nm
MINI,Cooper 3 Puertas,C 1.5 HB 3P CLASSIC,"$34,990,000",$0,"$6,000,000","$28,990,000",liviano,Cooper,SÍ,1.5L,Gasolina,Automática,,4x2,"17,5 km/l",-,156 HP,230 Nm
MINI,Cooper 3 Puertas,C 1.5 HB 3P FAVOURED,"$36,990,000",$0,"$3,000,000","$33,990,000",liviano,Cooper,SÍ,1.5L,Gasolina,Automática,,4x2,"17,0 km/l",-,156 HP,230 Nm
MINI,Cooper 3 Puertas,S 2.0 HB 3P FAVOURED,"$39,990,000",$0,"$4,000,000","$35,990,000",liviano,Copper,SÍ,2.0L,Gasolina,Automática,,4x2,"15,0 km/l",-,204 HP,300 Nm
MINI,Cooper 5 Puertas,C 1.5 HB 5P CLASSIC,"$35,990,000",$0,"$2,000,000","$33,990,000",liviano,Copper,SÍ,1.5L,Gasolina,Automática,,4x2,"15,8 km/l",-,156 HP,230 Nm
MINI,Cooper 5 Puertas,S 2.0 HB 5P FAVOURED,"$40,990,000",$0,"$5,000,000","$35,990,000",liviano,Copper,SÍ,2.0L,Gasolina,Automática,,4x2,"15,3 km/l",-,204 HP,300 Nm
MINI,Cooper Cabrio,S 2.0 CABRIO FAVOURED,"$45,990,000",$0,"$2,000,000","$43,990,000",liviano,Convertible,SÍ,2.0L,Gasolina,Automática,,4x2,"15,4 km/l",-,204 HP,300 Nm
MINI,Cooper Eléctrico,E CLASSIC,"$35,990,000",$0,"$6,000,000","$29,990,000",liviano,"Copper, Eléctrico",SÍ,Eléctrico,Eléctrico,Automática,,4x2,"5,5 km/kWh",300 km,184 HP,290 Nm
MINI,Cooper Eléctrico,SE FAVOURED,"$40,990,000",$0,"$3,000,000","$37,990,000",liviano,"Copper, Eléctrico",SÍ,Eléctrico,Eléctrico,Automática,,4x2,"6,3 km/kWh",400 km,218 HP,330 Nm
MINI,Countryman,C 1.5 CLASSIC,"$37,990,000",$0,"$3,000,000","$34,990,000",liviano,Countryman,SÍ,1.5L,Gasolina,Automática,,4x2,"16,4 km/l",-,156 HP,280 Nm
MINI,Countryman,C 1.5 FAVOURED,"$41,990,000",$0,$0,"$41,990,000",liviano,Countryman,SÍ,1.5L,Gasolina,Automática,,4x2,"15,4 km/l",-,156 HP,230 Nm
MINI,Countryman,S ALL4 2.0 FAVOURED,"$48,990,000",$0,"$1,000,000","$47,990,000",liviano,Countryman,SÍ,2.0L,Gasolina,Automática,,AWD,"13,5 km/l",-,204 HP,300 Nm
MINI,Countryman,D 2.0 FAVOURED,"$43,990,000",$0,"$5,000,000","$38,990,000",liviano,Countryman,SÍ,2.0L,Diésel,Automática,,4x2,"15,4 km/l",-,150 HP,360 Nm
MINI,Countryman,E CLASSIC Eléctrico,"$48,990,000",$0,$0,"$48,990,000",liviano,"Countryman, Eléctrico",SÍ,Eléctrico,Eléctrico,Automática,,4x2,-,462 km,204 HP,250 Nm
MINI,JCW 3 Puertas,SPITFIRE 2.0 HB 3P,"$44,990,000",$0,"$6,000,000","$38,990,000",liviano,John Cooper Works,SÍ,2.0L,Gasolina,Automática,,4x2,"14,7 km/l",-,231 HP,380 Nm
MINI,JCW 3 Puertas,2.0 HB 3P,"$48,990,000",$0,"$2,000,000","$46,990,000",liviano,John Cooper Works,SÍ,2.0L,Gasolina,Automática,,4x2,"14,7 km/l",-,231 HP,380 Nm
MINI,JCW 3 Puertas,2.0 HB 3P GP INSPIRED,"$49,990,000",$0,"$2,000,000","$47,990,000",liviano,John Cooper Works,SÍ,2.0L,Gasolina,Automática,,4x2,"14,7 km/l",-,231 HP,380 Nm
MINI,JCW Aceman,JCW E,"$48,990,000",$0,"$2,000,000","$46,990,000",liviano,John Cooper Works,SÍ,Eléctrico,Eléctrico,Automática,,4x2,"16,4 kWh/100km",355 km,258 HP,350 Nm
MINI,JCW Cabrio,SPITFIRE CABRIO 2.0,"$47,990,000",$0,"$1,500,000","$46,490,000",liviano,"Convertible, John Cooper Works",SÍ,2.0L,Gasolina,Automática,,4x2,"14,7 km/l",-,231 HP,380 Nm
MINI,JCW Cabrio,CABRIO 2.0,"$50,990,000",$0,"$1,500,000","$49,490,000",liviano,"Convertible, John Cooper Works",SÍ,2.0L,Gasolina,Automática,,4x2,"14,7 km/l",-,231 HP,380 Nm
MINI,JCW Countryman ALL4,JCW ALL4 2.0,"$54,990,000",$0,"$1,500,000","$53,490,000",liviano,John Cooper Works,SÍ,2.0L,Gasolina,Automática,,AWD,"12,8 km/l",-,300 HP,400 Nm
MINI,JCW Eléctrico,E HEA,"$46,990,000",$0,"$3,500,000","$43,490,000",liviano,"John Cooper Works, Eléctrico",SÍ,Eléctrico,Eléctrico,Automática,,4x2,"6,3 km/kWh",-,258 HP,350 Nm
MINI,JCW Eléctrico,E,"$47,990,000",$0,"$2,000,000","$45,990,000",liviano,"John Cooper Works, Eléctrico",SÍ,Eléctrico,Eléctrico,Automática,,4x2,"6,3 km/kWh",-,258 HP,350 Nm
Soueast,S06,1.5T 6DCT LUX,"$17,990,000","$2,000,000","$1,000,000","$14,990,000",liviano,SUV,SÍ,1.5L,Gasolina,Automática,,4x2,-,-,154 HP,-
Soueast,S06,1.6T 7DCT LUX,"$18,990,000","$2,000,000","$1,000,000","$15,990,000",liviano,SUV,SÍ,1.6L,Gasolina,Automática,,4x2,-,-,194 HP,-
Soueast,S06,1.6T 7DCT LIMITED,"$20,490,000","$2,000,000","$1,000,000","$17,490,000",liviano,SUV,SÍ,1.6L,Gasolina,Automática,,4x2,-,-,194 HP,-
Soueast,S06 PHEV,LIMITED,"$26,990,000","$3,000,000","$2,000,000","$21,990,000",liviano,"SUV, Híbrido",SÍ,1.5L PHEV,Híbrido,Automática,,4x2,-,1140 km,355 HP,-
Soueast,S07,1.5T 6DCT,"$17,990,000","$1,000,000","$1,000,000","$15,990,000",liviano,SUV,SÍ,1.5L,Gasolina,Automática,,4x2,-,-,154 HP,-
Soueast,S07,1.6T 7DCT,"$19,490,000","$1,000,000","$1,000,000","$17,490,000",liviano,SUV,SÍ,1.6L,Gasolina,Automática,,4x2,-,-,194 HP,-
Soueast,S09,2.0T 7DCT,"$25,990,000","$1,500,000","$1,500,000","$22,990,000",liviano,SUV,SÍ,2.0L,Gasolina,Automática,,4x2,-,-,255 HP,-
Toyota,4Runner,SR5 2.4 TA 4X4,"$52,990,000",$0,"$500,000","$52,490,000",liviano,SUV,SÍ,2.4L,Gasolina,Automática,8,4x4,-,-,-,-
Toyota,4Runner,SR5 2.4 TA 4X4,"$52,990,000","$1,000,000","$500,000","$51,490,000",liviano,SUV,SÍ,2.4L,Gasolina,Automática,8,4x4,"9,3 km/l",-,-,-
Toyota,4Runner,Limited 2.4 TA 4X4,"$58,990,000","$1,000,000","$500,000","$57,490,000",liviano,SUV,SÍ,2.4L,Gasolina,Automática,8,4x4,"9,3 km/l",-,-,-
Toyota,bZ4X,LIMITED 4X2,"$44,990,000",$0,"$3,000,000","$41,990,000",liviano,"SUV, Eléctrico",SÍ,Eléctrico,Eléctrico,Automática,8,4x2,-,478 km,221 HP,269 Nm
Toyota,bZ4X,LIMITED AWD,"$49,990,000",$0,"$3,000,000","$46,990,000",liviano,"SUV, Eléctrico",SÍ,Eléctrico,Eléctrico,Automática,8,AWD,-,453 km,338 HP,338 Nm
Toyota,Corolla Cross Híbrido,1.8 XEI CVT HV,"$27,990,000","$2,000,000","$500,000","$25,490,000",liviano,"SUV, Híbrido",SÍ,1.8L Híbrido,Híbrido,Automática,7,4x2,"23,3 km/l",-,122 HP,-
Toyota,Corolla Cross Híbrido,1.8 SEG CVT HV,"$29,990,000",$0,$0,"$29,990,000",liviano,"SUV, Híbrido",SÍ,1.8L Híbrido,Híbrido,Automática,7,4x2,"23,3 km/l",-,122 HP,-
Toyota,Corolla Sedan Híbrido,XLI 1.8 eCVT Híbrido,"$24,790,000","$900,000","$600,000","$23,290,000",liviano,"Sedán, Híbrido",SÍ,1.8L Híbrido,Híbrido,Automática,7,4x2,"22,6 km/l",-,122 HP,142 Nm
Toyota,Corolla Sedan Híbrido,XEI 1.8 eCVT Híbrido,"$25,990,000","$200,000","$500,000","$25,290,000",liviano,"Sedán, Híbrido",SÍ,1.8L Híbrido,Híbrido,Automática,7,4x2,"22,6 km/l",-,122 HP,142 Nm
Toyota,Corolla Sedan Híbrido,XEI 1.8 eCVT Híbrido,"$25,790,000","$200,000","$500,000","$25,090,000",liviano,"Sedán, Híbrido",SÍ,1.8L Híbrido,Híbrido,Automática,7,4x2,"22,6 km/l",-,122 HP,142 Nm
Toyota,Corolla Sedan Híbrido,XEI 1.8 eCVT Híbrido,"$25,790,000","$400,000","$500,000","$24,890,000",liviano,"Sedán, Híbrido",SÍ,1.8L Híbrido,Híbrido,Automática,7,4x2,"22,6 km/l",-,122 HP,142 Nm
Toyota,Corolla Sedan Híbrido,SEG 1.8 eCVT Híbrido,"$28,290,000","$500,000","$725,000","$27,065,000",liviano,"Sedán, Híbrido",SÍ,1.8L Híbrido,Híbrido,Automática,7,4x2,"22,6 km/l",-,122 HP,142 Nm
Toyota,Corolla Sedan Híbrido,SEG 1.8 eCVT Híbrido,"$28,490,000","$500,000","$725,000","$27,265,000",liviano,"Sedán, Híbrido",SÍ,1.8L Híbrido,Híbrido,Automática,7,4x2,"22,6 km/l",-,122 HP,142 Nm
Toyota,Fortuner,SR5 4x4 AT TDI 2.8L Diesel,"$44,390,000","$1,000,000","$1,000,000","$42,390,000",liviano,SUV,SÍ,2.8L,Diésel,Automática,7,4x4,"13,1 km/l",-,201 HP,420 Nm
Toyota,Fortuner,SRX 4x4 AT TDI 2.8L Diesel,"$50,890,000","$1,300,000","$1,000,000","$48,590,000",liviano,SUV,SÍ,2.8L,Diésel,Automática,7,4x4,"13,1 km/l",-,201 HP,500 Nm
Toyota,Fortuner,SRX 4x4 AT TDI 2.8L Diesel,"$51,090,000","$1,000,000","$1,000,000","$49,090,000",liviano,SUV,SÍ,2.8L,Diésel,Automática,7,4x4,"13,1 km/l",-,201 HP,500 Nm
Toyota,Fortuner,SR5 4x4 MT TDI 2.8L Diesel,"$42,890,000","$1,800,000","$1,300,000","$39,790,000",liviano,SUV,SÍ,2.8L,Diésel,Mecánica,7,4x4,"13,8 km/l",-,201 HP,420 Nm
Toyota,Fortuner GR-S,4x4 2.8 AT,"$52,890,000",$0,"$600,000","$52,290,000",liviano,"SUV, Gazoo Racing",SÍ,2.8L,Diésel,Automática,7,4x4,"9,1 km/l",-,221 HP,550 Nm
Toyota,Fortuner GR-S,4x4 2.8 AT,"$53,090,000",$0,"$600,000","$52,490,000",liviano,"SUV, Gazoo Racing",SÍ,2.8L,Diésel,Automática,7,4x4,"9,1 km/l",-,221 HP,550 Nm
Toyota,Hilux,4x2 2.4 MT DX Euro VI,"$33,990,000",$0,"$500,000","$33,490,000",liviano,Pick-Up,SÍ,2.4L,Diésel,Mecánica,7,4x2,"13,2 km/l",-,148 HP,400 Nm
Toyota,Hilux,4x2 2.4 MT DX Euro VI TSS,"$35,790,000",$0,$0,"$35,790,000",liviano,Pick-Up,SÍ,2.4L,Diésel,Mecánica,7,4x2,"13,2 km/l",-,148 HP,400 Nm
Toyota,Hilux,4X2 2.4 MT SR Euro VI,"$34,790,000","$1,400,000","$300,000","$33,090,000",liviano,Pick-Up,SÍ,2.4L,Diésel,Mecánica,7,4x2,"13,2 km/l",-,148 HP,400 Nm
Toyota,Hilux,4x4 2.4 MT DX Euro VI,"$38,690,000","$1,000,000","$500,000","$37,190,000",liviano,Pick-Up,SÍ,2.4L,Diésel,Mecánica,7,4x4,"13,2 km/l",-,148 HP,400 Nm
Toyota,Hilux,4x4 2.4 MT DX Euro VI TSS,"$40,490,000",$0,$0,"$40,490,000",liviano,Pick-Up,SÍ,2.4L,Diésel,Mecánica,7,4x4,"13,2 km/l",-,148 HP,400 Nm
Toyota,Hilux,4x4 2.4 MT SR Euro VI,"$41,290,000","$1,000,000","$300,000","$39,990,000",liviano,Pick-Up,SÍ,2.4L,Diésel,Mecánica,7,4x4,"13,2 km/l",-,148 HP,400 Nm
Toyota,Hilux,4X4 2.8 MT SR Euro VI,"$45,290,000",$0,"$500,000","$44,790,000",liviano,Pick-Up,SÍ,2.8L,Diésel,Mecánica,7,4x4,"12,9 km/l",-,201 HP,420 Nm
Toyota,Hilux,4X4 2.8 AT SRV Euro VI,"$48,590,000","$1,000,000","$800,000","$46,790,000",liviano,Pick-Up,SÍ,2.8L,Diésel,Automática,7,4x4,"12,0 km/l",-,201 HP,500 Nm
Toyota,Hilux,4X4 2.8 AT SRV Euro VI,"$48,590,000",$0,"$800,000","$47,790,000",liviano,Pick-Up,SÍ,2.8L,Diésel,Automática,7,4x4,"12,0 km/l",-,201 HP,500 Nm
Toyota,Hilux GR-S,4x4 2.8 AT,"$53,190,000",$0,"$400,000","$52,790,000",liviano,"Pick-Up, Gazoo Racing",SÍ,2.8L,Diésel,Automática,7,4x4,"12,0 km/l",-,221 HP,550 Nm
Toyota,Hilux GR-S,4x4 2.8 AT,"$52,990,000",$0,"$400,000","$52,590,000",liviano,"Pick-Up, Gazoo Racing",SÍ,2.8L,Diésel,Automática,7,4x4,"12,0 km/l",-,221 HP,550 Nm
Toyota,Land Cruiser Prado,VX-L 2.8,"$74,990,000","$3,000,000","$500,000","$71,490,000",liviano,SUV,SÍ,2.8L,Diésel,Automática,8,4x4,"11,4 km/l",-,201 HP,500 Nm
Toyota,Land Cruiser Prado,WX ADVENTURE 2.8,"$66,990,000","$3,500,000","$500,000","$62,990,000",liviano,SUV,SÍ,2.8L,Diésel,Automática,8,4x4,"11,4 km/l",-,201 HP,500 Nm
Toyota,Raize,i MT,"$13,990,000","$1,400,000","$600,000","$11,990,000",liviano,SUV,SÍ,1.2L,Gasolina,Mecánica,2,4x2,"18,9 km/l",-,87 HP,113 Nm
Toyota,Raize,E MT,"$15,990,000","$600,000","$450,000","$14,940,000",liviano,SUV,SÍ,1.2L,Gasolina,Mecánica,2,4x2,"18,9 km/l",-,87 HP,113 Nm
Toyota,Raize,E CVT,"$16,990,000","$1,200,000","$250,000","$15,540,000",liviano,SUV,SÍ,1.2L,Gasolina,Automática,2,4x2,"17,9 km/l",-,87 HP,113 Nm
Toyota,Raize,G CVT,"$18,490,000","$300,000","$500,000","$17,690,000",liviano,SUV,SÍ,1.2L,Gasolina,Automática,6,4x2,"17,9 km/l",-,87 HP,113 Nm
Toyota,RAV4,LE 2.0 4x2 CVT,"$27,390,000","$900,000",$0,"$26,490,000",liviano,SUV,SÍ,2.0L,Gasolina,Automática,7,4x2,"13,7 km/l",-,170 HP,203 Nm
Toyota,RAV4,XLE 2.0 4x2 CVT,"$30,390,000",$0,$0,"$30,390,000",liviano,SUV,SÍ,2.0L,Gasolina,Automática,7,4x2,"13,7 km/l",-,170 HP,203 Nm
Toyota,RAV4,LE 2.0 4x2 CVT,"$28,990,000",$0,"$1,000,000","$27,990,000",liviano,SUV,SÍ,2.0L,Gasolina,Automática,7,4x2,"14,7 km/l",-,170 HP,203 Nm
Toyota,RAV4,LE 2.0 4x4 CVT,"$29,990,000",$0,"$1,000,000","$28,990,000",liviano,SUV,SÍ,2.0L,Gasolina,Automática,7,AWD,"13,8 km/l",-,170 HP,203 Nm
Toyota,RAV4,XLE 2.0 4x2 CVT,"$32,490,000",$0,"$500,000","$31,990,000",liviano,SUV,SÍ,2.0L,Gasolina,Automática,7,4x2,"14,7 km/l",-,170 HP,203 Nm
Toyota,RAV4 Híbrido,XLE HV 2.5 CVT,"$34,690,000","$1,700,000","$250,000","$32,740,000",liviano,"SUV, Híbrido",SÍ,2.5L Híbrido,Híbrido,Automática,7,4x2,"21,0 km/l",-,219 HP,-
Toyota,RAV4 Híbrido,XSE 2.5 4X2 CVT HV,"$40,390,000","$1,500,000",$0,"$38,890,000",liviano,"SUV, Híbrido",SÍ,2.5L Híbrido,Híbrido,Automática,7,4x2,"21,0 km/l",-,219 HP,-
Toyota,RAV4 Híbrido,LTD 2.5 4X4 CVT HV,"$41,890,000","$1,000,000",$0,"$40,890,000",liviano,"SUV, Híbrido",SÍ,2.5L Híbrido,Híbrido,Automática,7,4x4,"21,0 km/l",-,219 HP,-
Toyota,RAV4 Híbrido,LE HEV 2.5 CVT,"$33,490,000",$0,"$1,000,000","$32,490,000",liviano,"SUV, Híbrido",SÍ,2.5L Híbrido,Híbrido,Automática,7,4x2,"18,5 km/l",-,219 HP,-
Toyota,RAV4 Híbrido,XLE HEV 2.5 4X2 CTV,"$36,990,000",$0,$0,"$36,990,000",liviano,"SUV, Híbrido",SÍ,2.5L Híbrido,Híbrido,Automática,7,4x2,"18,5 km/l",-,219 HP,-
Toyota,RAV4 Híbrido,XSE HEV 2.5 4X4 CTV,"$42,990,000",$0,$0,"$42,990,000",liviano,"SUV, Híbrido",SÍ,2.5L Híbrido,Híbrido,Automática,7,4x4,"16,4 km/l",-,219 HP,-
Toyota,Yaris Cross Híbrido,XI 1.5 Híbrido CVT,"$24,590,000","$2,000,000","$800,000","$21,790,000",liviano,"SUV, Híbrido",SÍ,1.5L Híbrido,Híbrido,Automática,6,4x2,"26,3 km/l",-,110 HP,141 Nm
Toyota,Yaris Cross Híbrido,XG 1.5 Híbrido CVT,"$25,490,000",$0,"$600,000","$24,890,000",liviano,"SUV, Híbrido",SÍ,1.5L Híbrido,Híbrido,Automática,6,4x2,"26,3 km/l",-,110 HP,141 Nm
Toyota,Yaris GR,1.6 MT,"$54,990,000",$0,$0,"$54,990,000",liviano,"Hatchback, Gazoo Racing",SÍ,1.6L,Gasolina,Mecánica,8,AWD,"11,7 km/l",-,280 HP,390 Nm
Toyota,Yaris GR,1.6 AT,"$56,990,000",$0,$0,"$56,990,000",liviano,"Hatchback, Gazoo Racing",SÍ,1.6L,Gasolina,Automática,8,AWD,"10,9 km/l",-,280 HP,390 Nm
Toyota,Yaris Sedan,i MT,"$14,990,000","$600,000","$600,000","$13,790,000",liviano,Sedán,SÍ,1.5L,Gasolina,Mecánica,6,4x2,"16,9 km/l",-,105 HP,138 Nm
Toyota,Yaris Sedan,E MT,"$16,490,000","$400,000","$200,000","$15,890,000",liviano,Sedán,SÍ,1.5L,Gasolina,Mecánica,6,4x2,"16,9 km/l",-,105 HP,138 Nm
Toyota,Yaris Sedan,E CVT,"$17,490,000",$0,$0,"$17,490,000",liviano,Sedán,SÍ,1.5L,Gasolina,Automática,6,4x2,"18,5 km/l",-,105 HP,138 Nm
Toyota,Yaris Sedan Híbrido,HEV 1.5 AT G,"$21,990,000",$0,"$600,000","$21,390,000",liviano,"Sedán, Híbrido",SÍ,1.5L Híbrido,Híbrido,Automática,6,4x2,"23,8 km/l",-,101 HP,-
Volkswagen,Amarok,3.0 V6 AT Comfortline,"$44,490,000","$1,000,000","$3,500,000","$39,990,000",liviano,pick-up,NO,3.0L Turbo Diésel,Diésel,Automática,6,AWD,"12,0 km/l",-,258 HP,580 Nm
Volkswagen,Amarok,3.0 V6 AT Highline,"$47,490,000","$1,000,000","$1,500,000","$44,990,000",liviano,pick-up,NO,3.0L Turbo Diésel,Diésel,Automática,6,AWD,"12,0 km/l",-,258 HP,580 Nm
Volkswagen,Amarok,3.0 V6 AT Extreme,"$49,990,000","$1,000,000","$1,500,000","$47,490,000",liviano,pick-up,NO,3.0L Turbo Diésel,Diésel,Automática,6,AWD,"12,0 km/l",-,258 HP,580 Nm
Volkswagen,Atlas,2.0 TSI AT Comfortline 4Motion,"$51,990,000","$1,750,000","$3,250,000","$46,990,000",liviano,suv,SÍ,2.0L Turbo,Gasolina,Automática,6,AWD,"11,9 km/l",-,273 HP,370 Nm
Volkswagen,Atlas,2.0 TSI AT Limited 4Motion,"$55,390,000","$500,000","$1,750,000","$53,140,000",liviano,suv,SÍ,2.0L Turbo,Gasolina,Automática,6,AWD,"11,9 km/l",-,273 HP,370 Nm
Volkswagen,Caravelle,2.0 TDI AT - Pasajeros (7+1),"$35,990,000","$500,000","$1,190,000","$34,300,000",liviano,minibús,NO,2.0L Turbo Diésel,Diésel,Automática,6,4x2,"15,7 km/l",-,150 HP,360 Nm
Volkswagen,ID.4,Pro 82kWh,"$53,950,000","$1,000,000","$1,960,000","$50,990,000",liviano,"suv, eléctrico",SÍ,Eléctrico,Eléctrico,Automática,7,4x2,-,556 km,286 HP,545 Nm
Volkswagen,Jetta,1.4 TSI AT Comfortline Sky (EU6b),"$25,990,000","$1,300,000","$2,050,000","$22,640,000",liviano,sedán,SÍ,1.4L Turbo,Gasolina,Automática,6,4x2,"22,2 km/l",-,150 HP,250 Nm
Volkswagen,Jetta,2.0 TSI AT GLI (EU6b),"$30,990,000","$500,000","$1,500,000","$28,990,000",liviano,sedán,SÍ,2.0L Turbo,Gasolina,Automática,6,4x2,"17,0 km/l",-,230 HP,350 Nm
Volkswagen,Nivus,1.0 TSI MT Comfortline (EU6b),"$18,890,000","$1,900,000","$1,600,000","$15,390,000",liviano,suv,SÍ,1.0L Turbo,Gasolina,Mecánica,6,4x2,"19,8 km/l",-,101 HP,170 Nm
Volkswagen,Nivus,1.0 TSI AT Comfortline (EU6b),"$20,390,000","$1,250,000","$1,400,000","$17,740,000",liviano,suv,SÍ,1.0L Turbo,Gasolina,Automática,6,4x2,"18,7 km/l",-,116 HP,200 Nm
Volkswagen,Nivus,1.0 TSI AT Highline (EU6b),"$21,790,000","$1,200,000","$1,600,000","$18,990,000",liviano,suv,SÍ,1.0L Turbo,Gasolina,Automática,6,4x2,"18,7 km/l",-,116 HP,200 Nm
Volkswagen,Nivus,1.0 TSI AT Outfit (EU6b),"$22,590,000","$800,000","$1,800,000","$19,990,000",liviano,suv,SÍ,1.0L Turbo,Gasolina,Automática,6,4x2,"18,7 km/l",-,116 HP,200 Nm
Volkswagen,Nivus,1.0 TSI AT Comfortline,"$20,390,000","$600,000","$1,400,000","$18,390,000",liviano,suv,SÍ,1.0L Turbo,Gasolina,Automática,6,4x2,"19,9 km/l",-,116 HP,200 Nm
Volkswagen,Nivus,1.0 TSI AT Highline,"$21,790,000","$600,000","$1,450,000","$19,740,000",liviano,suv,SÍ,1.0L Turbo,Gasolina,Automática,6,4x2,"19,9 km/l",-,116 HP,200 Nm
Volkswagen,Nivus,1.0 TSI AT Outfit,"$22,590,000","$250,000","$1,200,000","$21,140,000",liviano,suv,SÍ,1.0L Turbo,Gasolina,Automática,6,4x2,"19,9 km/l",-,116 HP,200 Nm
Volkswagen,Nuevo Tera,1.6 MT Trend,"$16,590,000","$500,000","$1,300,000","$14,790,000",liviano,suv,SÍ,1.6L,Gasolina,Mecánica,6,4x2,"17,7 km/l",-,110 HP,155 Nm
Volkswagen,Nuevo Tera,1.6 MT Comfort,"$17,490,000","$500,000","$1,300,000","$15,690,000",liviano,suv,SÍ,1.6L,Gasolina,Mecánica,6,4x2,"17,7 km/l",-,110 HP,155 Nm
Volkswagen,Nuevo Tera,1.0 TSI AT Comfort,"$18,990,000","$500,000","$1,300,000","$17,190,000",liviano,suv,SÍ,1.0L Turbo,Gasolina,Automática,6,4x2,"19,0 km/l",-,109 HP,170 Nm
Volkswagen,Nuevo Tera,1.0 TSI AT High,"$20,690,000","$500,000","$1,300,000","$18,890,000",liviano,suv,SÍ,1.0L Turbo,Gasolina,Automática,6,4x2,"19,0 km/l",-,109 HP,170 Nm
Volkswagen,Nuevo Tera,1.0 TSI AT Outfit,"$21,090,000","$300,000","$1,400,000","$19,390,000",liviano,suv,SÍ,1.0L Turbo,Gasolina,Automática,6,4x2,"19,0 km/l",-,109 HP,170 Nm
Volkswagen,Nuevo Tiguan,1.4 TSI AT Comfortline (EU6b),"$36,490,000","$1,000,000","$1,000,000","$34,490,000",liviano,suv,SÍ,1.4L Turbo,Gasolina,Automática,6,4x2,"16,3 km/l",-,150 HP,250 Nm
Volkswagen,Nuevo Tiguan,1.4 TSI AT R-Line (EU6b),"$39,490,000","$1,000,000","$1,000,000","$37,490,000",liviano,suv,SÍ,1.4L Turbo,Gasolina,Automática,6,4x2,"16,3 km/l",-,150 HP,250 Nm
Volkswagen,Polo,1.6 MT Comfortline,"$16,990,000","$1,300,000","$1,500,000","$14,190,000",liviano,hatchback,SÍ,1.6L,Gasolina,Mecánica,4,4x2,"17,2 km/l",-,110 HP,155 Nm
Volkswagen,Polo,1.0 TSI AT Comfortline,"$17,990,000","$900,000","$1,300,000","$15,790,000",liviano,hatchback,SÍ,1.0L Turbo,Gasolina,Automática,4,4x2,"20,2 km/l",-,101 HP,170 Nm
Volkswagen,Polo,1.0 TSI AT Highline,"$18,990,000","$250,000","$1,300,000","$17,440,000",liviano,hatchback,SÍ,1.0L Turbo,Gasolina,Automática,4,4x2,"20,2 km/l",-,101 HP,170 Nm
Volkswagen,Polo Track,1.6 MT Track,"$14,490,000","$850,000","$1,350,000","$12,290,000",liviano,hatchback,SÍ,1.6L,Gasolina,Mecánica,4,4x2,"17,2 km/l",-,110 HP,155 Nm
Volkswagen,Saveiro,1.6 MT Cabina Simple Lite (EU6b),"$12,640,000","$840,000","$950,000","$10,850,000",liviano,pick-up,NO,1.6L,Gasolina,Mecánica,2,4x2,"14,6 km/l",-,110 HP,155 Nm
Volkswagen,Saveiro,"1.6 MT Cabina Doble - (Radio 9"") (EU6b)","$15,340,000","$840,000","$950,000","$13,550,000",liviano,pick-up,NO,1.6L,Gasolina,Mecánica,2,4x2,"14,6 km/l",-,110 HP,155 Nm
Volkswagen,T-Cross,1.0 TSI AT Comfortline (EU6b),"$21,490,000","$1,800,000","$1,650,000","$18,040,000",liviano,suv,SÍ,1.0L Turbo,Gasolina,Automática,6,4x2,"18,2 km/l",-,116 HP,200 Nm
Volkswagen,T-Cross,1.0 TSI AT Highline (EU6b),"$22,490,000","$1,250,000","$1,550,000","$19,690,000",liviano,suv,SÍ,1.0L Turbo,Gasolina,Automática,6,4x2,"18,2 km/l",-,116 HP,200 Nm
Volkswagen,T-Cross,1.0 TSI AT Highline Sport (EU6b),"$23,290,000","$1,550,000","$1,400,000","$20,340,000",liviano,suv,SÍ,1.0L Turbo,Gasolina,Automática,6,4x2,"18,2 km/l",-,116 HP,200 Nm
Volkswagen,T-Cross,1.0 TSI AT Comfortline,"$21,490,000","$850,000","$1,650,000","$18,990,000",liviano,suv,SÍ,1.0L Turbo,Gasolina,Automática,6,4x2,"19,4 km/l",-,116 HP,200 Nm
Volkswagen,T-Cross,1.0 TSI AT Highline,"$22,490,000","$600,000","$1,400,000","$20,490,000",liviano,suv,SÍ,1.0L Turbo,Gasolina,Automática,6,4x2,"19,4 km/l",-,116 HP,200 Nm
Volkswagen,T-Cross,1.0 TSI AT Highline Sport S,"$23,990,000","$200,000","$1,100,000","$22,690,000",liviano,suv,SÍ,1.0L Turbo,Gasolina,Automática,6,4x2,"19,4 km/l",-,116 HP,200 Nm
Volkswagen,Taos,1.4 TSI AT Comfortline (EU6b),"$25,790,000","$450,000","$1,600,000","$23,740,000",liviano,suv,SÍ,1.4L Turbo,Gasolina,Automática,6,4x2,"17,0 km/l",-,150 HP,250 Nm
Volkswagen,Taos,1.4 TSI AT Highline (EU6b),"$29,190,000","$350,000","$1,400,000","$27,440,000",liviano,suv,SÍ,1.4L Turbo,Gasolina,Automática,6,4x2,"17,0 km/l",-,150 HP,250 Nm
Volkswagen,Transporter,2.0 TDI MT - Carga (puerta simple),"$29,990,000","$1,199,600","$1,490,400","$27,300,000",liviano,furgón,NO,2.0L Turbo Diésel,Diésel,Mecánica,2,4x2,"14,3 km/l",-,150 HP,360 Nm
Volkswagen,Transporter,2.0 TDI MT - Carga (puerta doble),"$30,990,000","$500,000","$1,190,000","$29,300,000",liviano,furgón,NO,2.0L Turbo Diésel,Diésel,Mecánica,2,4x2,"14,3 km/l",-,150 HP,360 Nm
Volkswagen,Virtus,1.0 TSI AT Comfortline Plus,"$19,890,000","$2,650,000",$0,"$17,240,000",liviano,sedán,SÍ,1.0L Turbo,Gasolina,Automática,6,4x2,"19,7 km/l",-,109 HP,170 Nm